,Organisation,Scan Date,Scan Point Name,Scan Reference,Supplier Name,Product,Expiration Date,Quantity,Goods wasted
0,Notuv - Denk Pharma,2021-06-29 14:14:19,Metformin,,,,,,
1,Notuv - Denk Pharma,2021-06-29 17:09:11,Metformin,,,,,,
2,Notuv - Denk Pharma,2021-06-30 08:27:13,Metformin,,,,,,
3,Notuv - Denk Pharma,2021-06-30 14:05:12,Metformin,,,,,,
4,Notuv - Denk Pharma,2021-06-30 17:18:38,Metformin,,,,,,
5,Notuv - Denk Pharma,2021-06-30 18:41:12,Metformin,,,,,,
6,Notuv - Denk Pharma,2021-06-30 19:58:10,Metformin,,,,,,
7,Notuv - Denk Pharma,2021-06-30 23:32:16,Metformin,,,,,,
8,Notuv - Denk Pharma,2021-07-01 03:15:10,Metformin,,,,,,
9,Notuv - Denk Pharma,2021-07-01 06:46:52,Metformin,,,,,,
10,Notuv - Denk Pharma,2021-07-01 22:29:06,Metformin,,,,,,
11,Notuv - Denk Pharma,2021-07-02 05:04:56,Metformin,,,,,,
12,Notuv - Denk Pharma,2021-07-02 12:29:19,Metformin,,,,,,
13,Notuv - Denk Pharma,2021-07-02 15:20:42,Metformin,,,,,,
14,Notuv - Denk Pharma,2021-07-03 04:48:34,Metformin,,,,,,
15,Notuv - Denk Pharma,2021-07-03 06:04:51,Metformin,,,,,,
16,Notuv - Denk Pharma,2021-07-03 07:07:34,Metformin,,,,,,
17,Notuv - Denk Pharma,2021-07-03 13:30:18,Metformin,,,,,,
18,Notuv - Denk Pharma,2021-07-03 14:41:41,Metformin,,,,,,
19,Notuv - Denk Pharma,2021-07-03 20:26:48,Metformin,,,,,,
20,Notuv - Denk Pharma,2021-07-03 23:35:27,Metformin,,,,,,
21,Notuv - Denk Pharma,2021-07-04 02:03:06,Metformin,,,,,,
22,Notuv - Denk Pharma,2021-07-04 19:52:48,Metformin,,,,,,
23,Notuv - Denk Pharma,2021-07-05 07:53:45,Metformin,,,,,,
24,Notuv - Denk Pharma,2021-07-05 11:39:56,Metformin,,,,,,
25,Notuv - Denk Pharma,2021-07-05 12:53:15,Metformin,,,,,,
26,Notuv - Denk Pharma,2021-07-05 17:09:58,Metformin,,,,,,
27,Notuv - Denk Pharma,2021-07-05 17:44:44,Metformin,,,,,,
28,Notuv - Denk Pharma,2021-07-05 18:08:52,Metformin,,,,,,
29,Notuv - Denk Pharma,2021-07-05 23:30:01,Metformin,,,,,,
30,Notuv - Denk Pharma,2021-07-06 02:08:00,Metformin,,,,,,
31,Notuv - Denk Pharma,2021-07-06 06:05:39,Metformin,,,,,,
32,Notuv - Denk Pharma,2021-07-06 13:06:51,Metformin,,,,,,
33,Notuv - Denk Pharma,2021-07-06 16:26:31,Metformin,,,,,,
34,Notuv - Denk Pharma,2021-07-06 18:08:53,Metformin,,,,,,
35,Notuv - Denk Pharma,2021-07-07 07:39:30,Metformin,,,,,,
36,Notuv - Denk Pharma,2021-07-07 11:57:14,Metformin,,,,,,
37,Notuv - Denk Pharma,2021-07-09 00:37:49,Metformin,,,,,,
38,Notuv - Denk Pharma,2021-07-09 01:15:55,Metformin,,,,,,
39,Notuv - Denk Pharma,2021-07-09 02:53:46,Metformin,,,,,,
40,Notuv - Denk Pharma,2021-07-09 13:35:43,Metformin,,,,,,
41,Notuv - Denk Pharma,2021-07-09 17:33:20,Metformin,,,,,,
42,Notuv - Denk Pharma,2021-07-09 18:13:00,Metformin,,,,,,
43,Notuv - Denk Pharma,2021-07-09 18:42:32,Metformin,,,,,,
44,Notuv - Denk Pharma,2021-07-10 19:06:29,Metformin,,,,,,
45,Notuv - Denk Pharma,2021-07-11 05:01:17,Metformin,,,,,,
46,Notuv - Denk Pharma,2021-07-11 07:09:14,Metformin,,,,,,
47,Notuv - Denk Pharma,2021-07-11 09:30:59,Metformin,,,,,,
48,Notuv - Denk Pharma,2021-07-11 10:37:36,Metformin,,,,,,
49,Notuv - Denk Pharma,2021-07-11 18:15:10,Metformin,,,,,,
50,Notuv - Denk Pharma,2021-07-12 01:39:34,Metformin,,,,,,
51,Notuv - Denk Pharma,2021-07-12 16:52:00,Metformin,,,,,,
52,Notuv - Denk Pharma,2021-07-14 01:21:57,Metformin,,,,,,
53,Notuv - Denk Pharma,2021-07-14 03:00:52,Metformin,,,,,,
54,Notuv - Denk Pharma,2021-07-14 10:48:26,Metformin,,,,,,
55,Notuv - Denk Pharma,2021-07-14 11:27:17,Metformin,,,,,,
56,Notuv - Denk Pharma,2021-07-14 16:53:37,Metformin,,,,,,
57,Notuv - Denk Pharma,2021-07-14 17:52:09,Metformin,,,,,,
58,Notuv - Denk Pharma,2021-07-14 17:55:51,Metformin,,,,,,
59,Notuv - Denk Pharma,2021-07-14 20:21:50,Metformin,,,,,,
60,Notuv - Denk Pharma,2021-07-15 00:29:17,Metformin,,,,,,
61,Notuv - Denk Pharma,2021-07-15 01:28:54,Metformin,,,,,,
62,Notuv - Denk Pharma,2021-07-15 01:38:31,Metformin,,,,,,
63,Notuv - Denk Pharma,2021-07-15 09:31:41,Metformin,,,,,,
64,Notuv - Denk Pharma,2021-07-15 10:45:46,Metformin,,,,,,
65,Notuv - Denk Pharma,2021-07-15 11:21:40,Metformin,,,,,,
66,Notuv - Denk Pharma,2021-07-16 19:48:21,Metformin,,,,,,
67,Notuv - Denk Pharma,2021-07-16 20:58:10,Metformin,,,,,,
68,Notuv - Denk Pharma,2021-07-16 21:36:54,Metformin,,,,,,
69,Notuv - Denk Pharma,2021-07-17 05:27:59,Metformin,,,,,,
70,Notuv - Denk Pharma,2021-07-17 06:43:01,Metformin,,,,,,
71,Notuv - Denk Pharma,2021-07-17 09:55:19,Metformin,,,,,,
72,Notuv - Denk Pharma,2021-07-17 13:05:46,Metformin,,,,,,
73,Notuv - Denk Pharma,2021-07-17 13:55:51,Metformin,,,,,,
74,Notuv - Denk Pharma,2021-07-17 17:38:08,Metformin,,,,,,
75,Notuv - Denk Pharma,2021-07-18 00:52:51,Metformin,,,,,,
76,Notuv - Denk Pharma,2021-07-18 05:23:35,Metformin,,,,,,
77,Notuv - Denk Pharma,2021-07-18 11:10:44,Metformin,,,,,,
78,Notuv - Denk Pharma,2021-07-18 15:41:59,Metformin,,,,,,
79,Notuv - Denk Pharma,2021-07-18 16:20:29,Metformin,,,,,,
80,Notuv - Denk Pharma,2021-07-18 17:26:03,Metformin,,,,,,
81,Notuv - Denk Pharma,2021-07-18 21:25:37,Metformin,,,,,,
82,Notuv - Denk Pharma,2021-07-19 07:04:07,Metformin,,,,,,
83,Notuv - Denk Pharma,2021-07-20 04:26:37,Metformin,,,,,,
84,Notuv - Denk Pharma,2021-07-20 16:34:07,Metformin,,,,,,
85,Notuv - Denk Pharma,2021-07-21 02:24:50,Metformin,,,,,,
86,Notuv - Denk Pharma,2021-07-21 06:22:21,Metformin,,,,,,
87,Notuv - Denk Pharma,2021-07-21 07:33:28,Metformin,,,,,,
88,Notuv - Denk Pharma,2021-07-21 12:20:05,Metformin,,,,,,
89,Notuv - Denk Pharma,2021-07-21 13:13:21,Metformin,,,,,,
90,Notuv - Denk Pharma,2021-07-21 13:24:16,Metformin,,,,,,
91,Notuv - Denk Pharma,2021-07-21 18:12:04,Metformin,,,,,,
92,Notuv - Denk Pharma,2021-07-21 22:17:40,Metformin,,,,,,
93,Notuv - Denk Pharma,2021-07-22 09:16:10,Metformin,,,,,,
94,Notuv - Denk Pharma,2021-07-22 18:14:12,Metformin,,,,,,
95,Notuv - Denk Pharma,2021-07-22 18:52:27,Metformin,,,,,,
96,Notuv - Denk Pharma,2021-07-23 07:42:49,Metformin,,,,,,
97,Notuv - Denk Pharma,2021-07-23 11:28:56,Metformin,,,,,,
98,Notuv - Denk Pharma,2021-07-24 02:07:55,Metformin,,,,,,
99,Notuv - Denk Pharma,2021-07-24 02:34:42,Metformin,,,,,,
100,Notuv - Denk Pharma,2021-07-24 03:19:22,Metformin,,,,,,
101,Notuv - Denk Pharma,2021-07-24 17:01:05,Metformin,,,,,,
102,Notuv - Denk Pharma,2021-07-24 18:11:10,Metformin,,,,,,
103,Notuv - Denk Pharma,2021-07-25 21:45:08,Metformin,,,,,,
104,Notuv - Denk Pharma,2021-07-26 07:37:56,Metformin,,,,,,
105,Notuv - Denk Pharma,2021-07-26 12:43:43,Metformin,,,,,,
106,Notuv - Denk Pharma,2021-07-26 17:51:51,Metformin,,,,,,
107,Notuv - Denk Pharma,2021-07-27 04:08:20,Metformin,,,,,,
108,Notuv - Denk Pharma,2021-07-27 12:31:23,Metformin,,,,,,
109,Notuv - Denk Pharma,2021-07-28 04:32:43,Metformin,,,,,,
110,Notuv - Denk Pharma,2021-07-28 05:08:23,Metformin,,,,,,
111,Notuv - Denk Pharma,2021-07-28 07:40:23,Metformin,,,,,,
112,Notuv - Denk Pharma,2021-07-28 13:34:59,Metformin,,,,,,
113,Notuv - Denk Pharma,2021-07-28 15:52:10,Metformin,,,,,,
114,Notuv - Denk Pharma,2021-07-28 20:48:52,Metformin,,,,,,
115,Notuv - Denk Pharma,2021-07-29 00:00:16,Metformin,,,,,,
116,Notuv - Denk Pharma,2021-07-29 22:02:10,Metformin,,,,,,
117,Notuv - Denk Pharma,2021-07-30 09:15:57,Metformin,,,,,,
118,Notuv - Denk Pharma,2021-07-30 09:47:23,Metformin,,,,,,
119,Notuv - Denk Pharma,2021-07-31 19:29:32,Metformin,,,,,,
120,Notuv - Denk Pharma,2021-08-01 15:11:40,Metformin,,,,,,
121,Notuv - Denk Pharma,2021-08-01 17:41:08,Metformin,,,,,,
122,Notuv - Denk Pharma,2021-08-01 19:19:45,Metformin,,,,,,
123,Notuv - Denk Pharma,2021-08-01 23:19:57,Metformin,,,,,,
124,Notuv - Denk Pharma,2021-08-02 13:42:00,Metformin,,,,,,
125,Notuv - Denk Pharma,2021-08-02 14:39:58,Metformin,,,,,,
126,Notuv - Denk Pharma,2021-08-02 17:15:33,Metformin,,,,,,
127,Notuv - Denk Pharma,2021-08-02 17:55:19,Metformin,,,,,,
128,Notuv - Denk Pharma,2021-08-02 18:50:40,Metformin,,,,,,
129,Notuv - Denk Pharma,2021-08-02 20:10:36,Metformin,,,,,,
130,Notuv - Denk Pharma,2021-08-02 20:58:39,Metformin,,,,,,
131,Notuv - Denk Pharma,2021-08-03 12:53:38,Metformin,,,,,,
132,Notuv - Denk Pharma,2021-08-03 14:44:45,Metformin,,,,,,
133,Notuv - Denk Pharma,2021-08-03 19:20:13,Metformin,,,,,,
134,Notuv - Denk Pharma,2021-08-03 21:46:22,Metformin,,,,,,
135,Notuv - Denk Pharma,2021-08-03 22:15:53,Metformin,,,,,,
136,Notuv - Denk Pharma,2021-08-04 04:16:57,Metformin,,,,,,
137,Notuv - Denk Pharma,2021-08-04 09:20:06,Metformin,,,,,,
138,Notuv - Denk Pharma,2021-08-04 12:34:02,Metformin,,,,,,
139,Notuv - Denk Pharma,2021-08-04 12:51:05,Metformin,,,,,,
140,Notuv - Denk Pharma,2021-08-04 13:35:12,Metformin,,,,,,
141,Notuv - Denk Pharma,2021-08-04 16:06:42,Metformin,,,,,,
142,Notuv - Denk Pharma,2021-08-04 18:34:03,Metformin,,,,,,
143,Notuv - Denk Pharma,2021-08-05 06:28:05,Metformin,,,,,,
144,Notuv - Denk Pharma,2021-08-05 14:37:38,Metformin,,,,,,
145,Notuv - Denk Pharma,2021-08-05 23:22:59,Metformin,,,,,,
146,Notuv - Denk Pharma,2021-08-06 04:24:31,Metformin,,,,,,
147,Notuv - Denk Pharma,2021-08-06 05:03:03,Metformin,,,,,,
148,Notuv - Denk Pharma,2021-08-06 11:12:06,Metformin,,,,,,
149,Notuv - Denk Pharma,2021-08-06 17:27:39,Metformin,,,,,,
150,Notuv - Denk Pharma,2021-08-06 20:06:51,Metformin,,,,,,
151,Notuv - Denk Pharma,2021-08-06 22:48:34,Metformin,,,,,,
152,Notuv - Denk Pharma,2021-08-06 23:03:58,Metformin,,,,,,
153,Notuv - Denk Pharma,2021-08-07 00:23:48,Metformin,,,,,,
154,Notuv - Denk Pharma,2021-08-07 00:37:04,Metformin,,,,,,
155,Notuv - Denk Pharma,2021-08-07 02:32:51,Metformin,,,,,,
156,Notuv - Denk Pharma,2021-08-07 08:18:35,Metformin,,,,,,
157,Notuv - Denk Pharma,2021-08-07 15:24:02,Metformin,,,,,,
158,Notuv - Denk Pharma,2021-08-07 15:26:05,Metformin,,,,,,
159,Notuv - Denk Pharma,2021-08-07 18:55:46,Metformin,,,,,,
160,Notuv - Denk Pharma,2021-08-08 06:50:19,Metformin,,,,,,
161,Notuv - Denk Pharma,2021-08-08 21:07:02,Metformin,,,,,,
162,Notuv - Denk Pharma,2021-08-10 02:29:51,Metformin,,,,,,
163,Notuv - Denk Pharma,2021-08-10 05:59:44,Metformin,,,,,,
164,Notuv - Denk Pharma,2021-08-10 10:30:22,Metformin,,,,,,
165,Notuv - Denk Pharma,2021-08-10 13:57:05,Metformin,,,,,,
166,Notuv - Denk Pharma,2021-08-10 14:55:33,Metformin,,,,,,
167,Notuv - Denk Pharma,2021-08-10 20:14:45,Metformin,,,,,,
168,Notuv - Denk Pharma,2021-08-11 07:22:38,Metformin,,,,,,
169,Notuv - Denk Pharma,2021-08-11 15:04:38,Metformin,,,,,,
170,Notuv - Denk Pharma,2021-08-11 17:05:39,Metformin,,,,,,
171,Notuv - Denk Pharma,2021-08-12 05:45:27,Metformin,,,,,,
172,Notuv - Denk Pharma,2021-08-12 11:17:56,Metformin,,,,,,
173,Notuv - Denk Pharma,2021-08-12 15:43:18,Metformin,,,,,,
174,Notuv - Denk Pharma,2021-08-13 00:02:03,Metformin,,,,,,
175,Notuv - Denk Pharma,2021-08-13 06:56:30,Metformin,,,,,,
176,Notuv - Denk Pharma,2021-08-13 15:32:14,Metformin,,,,,,
177,Notuv - Denk Pharma,2021-08-14 11:09:00,Metformin,,,,,,
178,Notuv - Denk Pharma,2021-08-14 12:15:52,Metformin,,,,,,
179,Notuv - Denk Pharma,2021-08-14 16:33:24,Metformin,,,,,,
180,Notuv - Denk Pharma,2021-08-14 20:48:59,Metformin,,,,,,
181,Notuv - Denk Pharma,2021-08-15 00:09:49,Metformin,,,,,,
182,Notuv - Denk Pharma,2021-08-15 15:09:49,Metformin,,,,,,
183,Notuv - Denk Pharma,2021-08-15 20:25:05,Metformin,,,,,,
184,Notuv - Denk Pharma,2021-08-16 04:23:05,Metformin,,,,,,
185,Notuv - Denk Pharma,2021-08-16 09:23:38,Metformin,,,,,,
186,Notuv - Denk Pharma,2021-08-16 13:08:13,Metformin,,,,,,
187,Notuv - Denk Pharma,2021-08-16 16:29:03,Metformin,,,,,,
188,Notuv - Denk Pharma,2021-08-16 18:33:15,Metformin,,,,,,
189,Notuv - Denk Pharma,2021-08-16 21:25:34,Metformin,,,,,,
190,Notuv - Denk Pharma,2021-08-17 11:20:23,Metformin,,,,,,
191,Notuv - Denk Pharma,2021-08-17 14:14:39,Metformin,,,,,,
192,Notuv - Denk Pharma,2021-08-18 05:34:05,Metformin,,,,,,
193,Notuv - Denk Pharma,2021-08-18 14:03:07,Metformin,,,,,,
194,Notuv - Denk Pharma,2021-08-19 00:16:33,Metformin,,,,,,
195,Notuv - Denk Pharma,2021-08-19 07:37:48,Metformin,,,,,,
196,Notuv - Denk Pharma,2021-08-19 13:38:07,Metformin,,,,,,
197,Notuv - Denk Pharma,2021-08-19 14:00:27,Metformin,,,,,,
198,Notuv - Denk Pharma,2021-08-19 19:55:15,Metformin,,,,,,
199,Notuv - Denk Pharma,2021-08-19 23:13:49,Metformin,,,,,,
200,Notuv - Denk Pharma,2021-08-19 23:40:00,Metformin,,,,,,
201,Notuv - Denk Pharma,2021-08-20 01:19:26,Metformin,,,,,,
202,Notuv - Denk Pharma,2021-08-20 05:14:04,Metformin,,,,,,
203,Notuv - Denk Pharma,2021-08-20 06:56:23,Metformin,,,,,,
204,Notuv - Denk Pharma,2021-08-20 09:49:57,Metformin,,,,,,
205,Notuv - Denk Pharma,2021-08-20 11:49:37,Metformin,,,,,,
206,Notuv - Denk Pharma,2021-08-20 17:09:19,Metformin,,,,,,
207,Notuv - Denk Pharma,2021-08-20 19:38:47,Metformin,,,,,,
208,Notuv - Denk Pharma,2021-08-20 21:16:10,Metformin,,,,,,
209,Notuv - Denk Pharma,2021-08-21 10:46:25,Metformin,,,,,,
210,Notuv - Denk Pharma,2021-08-21 12:12:23,Metformin,,,,,,
211,Notuv - Denk Pharma,2021-08-21 18:07:51,Metformin,,,,,,
212,Notuv - Denk Pharma,2021-08-21 20:06:39,Metformin,,,,,,
213,Notuv - Denk Pharma,2021-08-21 22:53:08,Metformin,,,,,,
214,Notuv - Denk Pharma,2021-08-23 00:26:19,Metformin,,,,,,
215,Notuv - Denk Pharma,2021-08-23 01:29:57,Metformin,,,,,,
216,Notuv - Denk Pharma,2021-08-23 09:11:12,Metformin,,,,,,
217,Notuv - Denk Pharma,2021-08-23 11:05:43,Metformin,,,,,,
218,Notuv - Denk Pharma,2021-08-23 12:40:22,Metformin,,,,,,
219,Notuv - Denk Pharma,2021-08-23 14:51:20,Metformin,,,,,,
220,Notuv - Denk Pharma,2021-08-23 20:37:00,Metformin,,,,,,
221,Notuv - Denk Pharma,2021-08-24 00:25:00,Metformin,,,,,,
222,Notuv - Denk Pharma,2021-08-24 10:48:43,Metformin,,,,,,
223,Notuv - Denk Pharma,2021-08-24 16:02:24,Metformin,,,,,,
224,Notuv - Denk Pharma,2021-08-24 21:12:53,Metformin,,,,,,
225,Notuv - Denk Pharma,2021-08-24 23:22:01,Metformin,,,,,,
226,Notuv - Denk Pharma,2021-08-25 03:28:23,Metformin,,,,,,
227,Notuv - Denk Pharma,2021-08-25 07:50:20,Metformin,,,,,,
228,Notuv - Denk Pharma,2021-08-25 15:31:08,Metformin,,,,,,
229,Notuv - Denk Pharma,2021-08-25 16:58:58,Metformin,,,,,,
230,Notuv - Denk Pharma,2021-08-25 20:59:33,Metformin,,,,,,
231,Notuv - Denk Pharma,2021-08-25 21:50:38,Metformin,,,,,,
232,Notuv - Denk Pharma,2021-08-26 05:42:38,Metformin,,,,,,
233,Notuv - Denk Pharma,2021-08-26 14:24:54,Metformin,,,,,,
234,Notuv - Denk Pharma,2021-08-26 18:55:45,Metformin,,,,,,
235,Notuv - Denk Pharma,2021-08-27 01:53:19,Metformin,,,,,,
236,Notuv - Denk Pharma,2021-08-27 08:32:28,Metformin,,,,,,
237,Notuv - Denk Pharma,2021-08-27 08:45:36,Metformin,,,,,,
238,Notuv - Denk Pharma,2021-08-27 21:03:56,Metformin,,,,,,
239,Notuv - Denk Pharma,2021-08-28 05:12:26,Metformin,,,,,,
240,Notuv - Denk Pharma,2021-08-28 05:58:09,Metformin,,,,,,
241,Notuv - Denk Pharma,2021-08-28 09:30:20,Metformin,,,,,,
242,Notuv - Denk Pharma,2021-08-28 14:18:55,Metformin,,,,,,
243,Notuv - Denk Pharma,2021-08-28 17:01:14,Metformin,,,,,,
244,Notuv - Denk Pharma,2021-08-28 17:13:23,Metformin,,,,,,
245,Notuv - Denk Pharma,2021-08-28 17:41:35,Metformin,,,,,,
246,Notuv - Denk Pharma,2021-08-28 19:29:21,Metformin,,,,,,
247,Notuv - Denk Pharma,2021-08-29 04:42:10,Metformin,,,,,,
248,Notuv - Denk Pharma,2021-08-29 09:04:26,Metformin,,,,,,
249,Notuv - Denk Pharma,2021-08-30 00:18:03,Metformin,,,,,,
250,Notuv - Denk Pharma,2021-08-30 04:43:28,Metformin,,,,,,
251,Notuv - Denk Pharma,2021-08-30 17:50:49,Metformin,,,,,,
252,Notuv - Denk Pharma,2021-08-30 18:05:47,Metformin,,,,,,
253,Notuv - Denk Pharma,2021-08-30 20:10:15,Metformin,,,,,,
254,Notuv - Denk Pharma,2021-08-30 21:39:54,Metformin,,,,,,
255,Notuv - Denk Pharma,2021-08-31 06:57:01,Metformin,,,,,,
256,Notuv - Denk Pharma,2021-08-31 21:14:47,Metformin,,,,,,
257,Notuv - Denk Pharma,2021-09-01 20:05:36,Metformin,,,,,,
258,Notuv - Denk Pharma,2021-09-01 23:58:42,Metformin,,,,,,
259,Notuv - Denk Pharma,2021-09-02 08:40:14,Metformin,,,,,,
260,Notuv - Denk Pharma,2021-09-02 16:30:24,Metformin,,,,,,
261,Notuv - Denk Pharma,2021-09-02 21:08:22,Metformin,,,,,,
262,Notuv - Denk Pharma,2021-09-02 22:11:50,Metformin,,,,,,
263,Notuv - Denk Pharma,2021-09-03 00:13:32,Metformin,,,,,,
264,Notuv - Denk Pharma,2021-09-03 10:47:54,Metformin,,,,,,
265,Notuv - Denk Pharma,2021-09-03 18:21:48,Metformin,,,,,,
266,Notuv - Denk Pharma,2021-09-03 18:41:45,Metformin,,,,,,
267,Notuv - Denk Pharma,2021-09-03 20:06:12,Metformin,,,,,,
268,Notuv - Denk Pharma,2021-09-03 21:31:10,Metformin,,,,,,
269,Notuv - Denk Pharma,2021-09-03 22:06:27,Metformin,,,,,,
270,Notuv - Denk Pharma,2021-09-04 03:19:18,Metformin,,,,,,
271,Notuv - Denk Pharma,2021-09-04 04:13:13,Metformin,,,,,,
272,Notuv - Denk Pharma,2021-09-04 07:10:08,Metformin,,,,,,
273,Notuv - Denk Pharma,2021-09-04 07:24:55,Metformin,,,,,,
274,Notuv - Denk Pharma,2021-09-04 07:41:14,Metformin,,,,,,
275,Notuv - Denk Pharma,2021-09-04 19:17:48,Metformin,,,,,,
276,Notuv - Denk Pharma,2021-09-04 21:17:24,Metformin,,,,,,
277,Notuv - Denk Pharma,2021-09-04 22:46:24,Metformin,,,,,,
278,Notuv - Denk Pharma,2021-09-05 04:25:11,Metformin,,,,,,
279,Notuv - Denk Pharma,2021-09-05 06:08:51,Metformin,,,,,,
280,Notuv - Denk Pharma,2021-09-05 06:35:10,Metformin,,,,,,
281,Notuv - Denk Pharma,2021-09-05 17:58:57,Metformin,,,,,,
282,Notuv - Denk Pharma,2021-09-05 20:25:49,Metformin,,,,,,
283,Notuv - Denk Pharma,2021-09-05 22:22:10,Metformin,,,,,,
284,Notuv - Denk Pharma,2021-09-06 09:59:56,Metformin,,,,,,
285,Notuv - Denk Pharma,2021-09-06 19:40:25,Metformin,,,,,,
286,Notuv - Denk Pharma,2021-09-07 03:58:49,Metformin,,,,,,
287,Notuv - Denk Pharma,2021-09-07 09:45:18,Metformin,,,,,,
288,Notuv - Denk Pharma,2021-09-07 21:04:42,Metformin,,,,,,
289,Notuv - Denk Pharma,2021-09-08 15:53:46,Metformin,,,,,,
290,Notuv - Denk Pharma,2021-09-08 16:09:13,Metformin,,,,,,
291,Notuv - Denk Pharma,2021-09-09 12:10:24,Metformin,,,,,,
292,Notuv - Denk Pharma,2021-09-09 18:16:37,Metformin,,,,,,
293,Notuv - Denk Pharma,2021-09-10 00:22:33,Metformin,,,,,,
294,Notuv - Denk Pharma,2021-09-10 18:50:43,Metformin,,,,,,
295,Notuv - Denk Pharma,2021-09-10 21:24:12,Metformin,,,,,,
296,Notuv - Denk Pharma,2021-09-11 08:32:09,Metformin,,,,,,
297,Notuv - Denk Pharma,2021-09-11 10:46:48,Metformin,,,,,,
298,Notuv - Denk Pharma,2021-09-11 18:58:54,Metformin,,,,,,
299,Notuv - Denk Pharma,2021-09-12 03:56:37,Metformin,,,,,,
300,Notuv - Denk Pharma,2021-09-12 11:04:11,Metformin,,,,,,
301,Notuv - Denk Pharma,2021-09-12 12:44:40,Metformin,,,,,,
302,Notuv - Denk Pharma,2021-09-12 19:11:56,Metformin,,,,,,
303,Notuv - Denk Pharma,2021-09-12 19:15:46,Metformin,,,,,,
304,Notuv - Denk Pharma,2021-09-12 20:10:21,Metformin,,,,,,
305,Notuv - Denk Pharma,2021-09-12 22:21:25,Metformin,,,,,,
306,Notuv - Denk Pharma,2021-09-13 01:09:55,Metformin,,,,,,
307,Notuv - Denk Pharma,2021-09-13 03:59:31,Metformin,,,,,,
308,Notuv - Denk Pharma,2021-09-13 04:37:08,Metformin,,,,,,
309,Notuv - Denk Pharma,2021-09-13 07:08:23,Metformin,,,,,,
310,Notuv - Denk Pharma,2021-09-13 11:39:19,Metformin,,,,,,
311,Notuv - Denk Pharma,2021-09-13 11:57:32,Metformin,,,,,,
312,Notuv - Denk Pharma,2021-09-13 13:01:36,Metformin,,,,,,
313,Notuv - Denk Pharma,2021-09-13 18:11:45,Metformin,,,,,,
314,Notuv - Denk Pharma,2021-09-14 03:59:09,Metformin,,,,,,
315,Notuv - Denk Pharma,2021-09-14 05:37:43,Metformin,,,,,,
316,Notuv - Denk Pharma,2021-09-14 08:38:30,Metformin,,,,,,
317,Notuv - Denk Pharma,2021-09-14 14:01:16,Metformin,,,,,,
318,Notuv - Denk Pharma,2021-09-14 23:36:31,Metformin,,,,,,
319,Notuv - Denk Pharma,2021-09-15 03:55:27,Metformin,,,,,,
320,Notuv - Denk Pharma,2021-09-16 02:10:28,Metformin,,,,,,
321,Notuv - Denk Pharma,2021-09-16 10:08:07,Metformin,,,,,,
322,Notuv - Denk Pharma,2021-09-16 16:36:15,Metformin,,,,,,
323,Notuv - Denk Pharma,2021-09-17 13:13:44,Metformin,,,,,,
324,Notuv - Denk Pharma,2021-09-17 13:48:01,Metformin,,,,,,
325,Notuv - Denk Pharma,2021-09-17 18:10:48,Metformin,,,,,,
326,Notuv - Denk Pharma,2021-09-17 19:12:18,Metformin,,,,,,
327,Notuv - Denk Pharma,2021-09-17 21:04:03,Metformin,,,,,,
328,Notuv - Denk Pharma,2021-09-18 01:27:55,Metformin,,,,,,
329,Notuv - Denk Pharma,2021-09-18 02:31:07,Metformin,,,,,,
330,Notuv - Denk Pharma,2021-09-18 04:02:55,Metformin,,,,,,
331,Notuv - Denk Pharma,2021-09-18 11:04:46,Metformin,,,,,,
332,Notuv - Denk Pharma,2021-09-18 14:34:35,Metformin,,,,,,
333,Notuv - Denk Pharma,2021-09-18 16:57:54,Metformin,,,,,,
334,Notuv - Denk Pharma,2021-09-18 17:06:51,Metformin,,,,,,
335,Notuv - Denk Pharma,2021-09-18 18:02:40,Metformin,,,,,,
336,Notuv - Denk Pharma,2021-09-18 19:12:00,Metformin,,,,,,
337,Notuv - Denk Pharma,2021-09-18 20:06:56,Metformin,,,,,,
338,Notuv - Denk Pharma,2021-09-18 20:12:22,Metformin,,,,,,
339,Notuv - Denk Pharma,2021-09-18 20:54:14,Metformin,,,,,,
340,Notuv - Denk Pharma,2021-09-18 22:37:11,Metformin,,,,,,
341,Notuv - Denk Pharma,2021-09-18 22:50:07,Metformin,,,,,,
342,Notuv - Denk Pharma,2021-09-18 23:31:49,Metformin,,,,,,
343,Notuv - Denk Pharma,2021-09-19 10:33:43,Metformin,,,,,,
344,Notuv - Denk Pharma,2021-09-19 19:29:06,Metformin,,,,,,
345,Notuv - Denk Pharma,2021-09-19 19:42:36,Metformin,,,,,,
346,Notuv - Denk Pharma,2021-09-19 20:09:41,Metformin,,,,,,
347,Notuv - Denk Pharma,2021-09-20 05:54:46,Metformin,,,,,,
348,Notuv - Denk Pharma,2021-09-20 11:23:43,Metformin,,,,,,
349,Notuv - Denk Pharma,2021-09-20 12:01:34,Metformin,,,,,,
350,Notuv - Denk Pharma,2021-09-20 14:08:18,Metformin,,,,,,
351,Notuv - Denk Pharma,2021-09-20 14:20:29,Metformin,,,,,,
352,Notuv - Denk Pharma,2021-09-20 16:19:09,Metformin,,,,,,
353,Notuv - Denk Pharma,2021-09-21 00:32:08,Metformin,,,,,,
354,Notuv - Denk Pharma,2021-09-21 10:00:46,Metformin,,,,,,
355,Notuv - Denk Pharma,2021-09-21 23:57:45,Metformin,,,,,,
356,Notuv - Denk Pharma,2021-09-22 03:09:15,Metformin,,,,,,
357,Notuv - Denk Pharma,2021-09-22 10:37:45,Metformin,,,,,,
358,Notuv - Denk Pharma,2021-09-22 10:40:34,Metformin,,,,,,
359,Notuv - Denk Pharma,2021-09-22 12:12:13,Metformin,,,,,,
360,Notuv - Denk Pharma,2021-09-22 16:07:22,Metformin,,,,,,
361,Notuv - Denk Pharma,2021-09-23 02:58:10,Metformin,,,,,,
362,Notuv - Denk Pharma,2021-09-23 05:33:32,Metformin,,,,,,
363,Notuv - Denk Pharma,2021-09-23 08:18:24,Metformin,,,,,,
364,Notuv - Denk Pharma,2021-09-23 16:14:54,Metformin,,,,,,
365,Notuv - Denk Pharma,2021-09-24 00:41:55,Metformin,,,,,,
366,Notuv - Denk Pharma,2021-09-24 04:32:07,Metformin,,,,,,
367,Notuv - Denk Pharma,2021-09-24 08:15:03,Metformin,,,,,,
368,Notuv - Denk Pharma,2021-09-24 09:20:22,Metformin,,,,,,
369,Notuv - Denk Pharma,2021-09-24 17:49:28,Metformin,,,,,,
370,Notuv - Denk Pharma,2021-09-24 20:06:40,Metformin,,,,,,
371,Notuv - Denk Pharma,2021-09-25 02:27:51,Metformin,,,,,,
372,Notuv - Denk Pharma,2021-09-26 05:05:11,Metformin,,,,,,
373,Notuv - Denk Pharma,2021-09-26 09:52:46,Metformin,,,,,,
374,Notuv - Denk Pharma,2021-09-26 19:01:58,Metformin,,,,,,
375,Notuv - Denk Pharma,2021-09-26 22:25:41,Metformin,,,,,,
376,Notuv - Denk Pharma,2021-09-27 01:39:43,Metformin,,,,,,
377,Notuv - Denk Pharma,2021-09-27 05:04:03,Metformin,,,,,,
378,Notuv - Denk Pharma,2021-09-27 05:52:38,Metformin,,,,,,
379,Notuv - Denk Pharma,2021-09-27 17:37:25,Metformin,,,,,,
380,Notuv - Denk Pharma,2021-09-28 15:52:51,Metformin,,,,,,
381,Notuv - Denk Pharma,2021-09-28 16:04:24,Metformin,,,,,,
382,Notuv - Denk Pharma,2021-09-28 19:11:37,Metformin,,,,,,
383,Notuv - Denk Pharma,2021-09-29 02:58:09,Metformin,,,,,,
384,Notuv - Denk Pharma,2021-09-29 03:06:10,Metformin,,,,,,
385,Notuv - Denk Pharma,2021-09-29 06:36:18,Metformin,,,,,,
386,Notuv - Denk Pharma,2021-09-29 09:37:41,Metformin,,,,,,
387,Notuv - Denk Pharma,2021-09-29 19:12:46,Metformin,,,,,,
388,Notuv - Denk Pharma,2021-09-29 20:51:08,Metformin,,,,,,
389,Notuv - Denk Pharma,2021-09-30 01:42:47,Metformin,,,,,,
390,Notuv - Denk Pharma,2021-09-30 03:14:26,Metformin,,,,,,
391,Notuv - Denk Pharma,2021-09-30 09:06:39,Metformin,,,,,,
392,Notuv - Denk Pharma,2021-10-01 00:08:28,Metformin,,,,,,
393,Notuv - Denk Pharma,2021-10-02 03:18:16,Metformin,,,,,,
394,Notuv - Denk Pharma,2021-10-02 03:40:11,Metformin,,,,,,
395,Notuv - Denk Pharma,2021-10-02 06:29:52,Metformin,,,,,,
396,Notuv - Denk Pharma,2021-10-02 09:05:01,Metformin,,,,,,
397,Notuv - Denk Pharma,2021-10-02 16:30:48,Metformin,,,,,,
398,Notuv - Denk Pharma,2021-10-02 22:09:35,Metformin,,,,,,
399,Notuv - Denk Pharma,2021-10-02 22:30:15,Metformin,,,,,,
400,Notuv - Denk Pharma,2021-10-03 01:36:14,Metformin,,,,,,
401,Notuv - Denk Pharma,2021-10-03 03:50:50,Metformin,,,,,,
402,Notuv - Denk Pharma,2021-10-03 11:33:18,Metformin,,,,,,
403,Notuv - Denk Pharma,2021-10-03 13:07:23,Metformin,,,,,,
404,Notuv - Denk Pharma,2021-10-03 22:49:46,Metformin,,,,,,
405,Notuv - Denk Pharma,2021-10-03 23:04:46,Metformin,,,,,,
406,Notuv - Denk Pharma,2021-10-04 04:40:21,Metformin,,,,,,
407,Notuv - Denk Pharma,2021-10-04 07:59:20,Metformin,,,,,,
408,Notuv - Denk Pharma,2021-10-04 08:08:42,Metformin,,,,,,
409,Notuv - Denk Pharma,2021-10-04 12:42:11,Metformin,,,,,,
410,Notuv - Denk Pharma,2021-10-04 19:11:25,Metformin,,,,,,
411,Notuv - Denk Pharma,2021-10-05 00:58:20,Metformin,,,,,,
412,Notuv - Denk Pharma,2021-10-05 01:53:01,Metformin,,,,,,
413,Notuv - Denk Pharma,2021-10-05 05:36:19,Metformin,,,,,,
414,Notuv - Denk Pharma,2021-10-05 07:48:39,Metformin,,,,,,
415,Notuv - Denk Pharma,2021-10-05 10:59:29,Metformin,,,,,,
416,Notuv - Denk Pharma,2021-10-06 00:00:17,Metformin,,,,,,
417,Notuv - Denk Pharma,2021-10-06 01:04:28,Metformin,,,,,,
418,Notuv - Denk Pharma,2021-10-07 04:00:23,Metformin,,,,,,
419,Notuv - Denk Pharma,2021-10-07 05:23:56,Metformin,,,,,,
420,Notuv - Denk Pharma,2021-10-07 05:34:49,Metformin,,,,,,
421,Notuv - Denk Pharma,2021-10-07 06:53:57,Metformin,,,,,,
422,Notuv - Denk Pharma,2021-10-07 09:05:32,Metformin,,,,,,
423,Notuv - Denk Pharma,2021-10-07 17:08:41,Metformin,,,,,,
424,Notuv - Denk Pharma,2021-10-08 07:58:15,Metformin,,,,,,
425,Notuv - Denk Pharma,2021-10-08 18:06:29,Metformin,,,,,,
426,Notuv - Denk Pharma,2021-10-08 19:26:11,Metformin,,,,,,
427,Notuv - Denk Pharma,2021-10-08 22:09:24,Metformin,,,,,,
428,Notuv - Denk Pharma,2021-10-08 23:20:18,Metformin,,,,,,
429,Notuv - Denk Pharma,2021-10-08 23:31:14,Metformin,,,,,,
430,Notuv - Denk Pharma,2021-10-09 01:24:19,Metformin,,,,,,
431,Notuv - Denk Pharma,2021-10-09 14:23:50,Metformin,,,,,,
432,Notuv - Denk Pharma,2021-10-09 15:38:42,Metformin,,,,,,
433,Notuv - Denk Pharma,2021-10-10 19:33:09,Metformin,,,,,,
434,Notuv - Denk Pharma,2021-10-11 02:01:23,Metformin,,,,,,
435,Notuv - Denk Pharma,2021-10-11 10:20:12,Metformin,,,,,,
436,Notuv - Denk Pharma,2021-10-11 15:28:07,Metformin,,,,,,
437,Notuv - Denk Pharma,2021-10-11 18:38:21,Metformin,,,,,,
438,Notuv - Denk Pharma,2021-10-11 21:00:04,Metformin,,,,,,
439,Notuv - Denk Pharma,2021-10-12 04:05:44,Metformin,,,,,,
440,Notuv - Denk Pharma,2021-10-12 04:36:57,Metformin,,,,,,
441,Notuv - Denk Pharma,2021-10-12 11:16:34,Metformin,,,,,,
442,Notuv - Denk Pharma,2021-10-13 07:53:41,Metformin,,,,,,
443,Notuv - Denk Pharma,2021-10-13 12:58:21,Metformin,,,,,,
444,Notuv - Denk Pharma,2021-10-13 17:35:16,Metformin,,,,,,
445,Notuv - Denk Pharma,2021-10-13 20:40:46,Metformin,,,,,,
446,Notuv - Denk Pharma,2021-10-14 02:28:47,Metformin,,,,,,
447,Notuv - Denk Pharma,2021-10-14 08:30:59,Metformin,,,,,,
448,Notuv - Denk Pharma,2021-10-14 20:09:50,Metformin,,,,,,
449,Notuv - Denk Pharma,2021-10-15 20:56:38,Metformin,,,,,,
450,Notuv - Denk Pharma,2021-10-15 23:55:21,Metformin,,,,,,
451,Notuv - Denk Pharma,2021-10-16 05:19:29,Metformin,,,,,,
452,Notuv - Denk Pharma,2021-10-16 08:57:20,Metformin,,,,,,
453,Notuv - Denk Pharma,2021-10-16 21:00:52,Metformin,,,,,,
454,Notuv - Denk Pharma,2021-10-17 06:10:23,Metformin,,,,,,
455,Notuv - Denk Pharma,2021-10-17 11:35:23,Metformin,,,,,,
456,Notuv - Denk Pharma,2021-10-17 17:02:09,Metformin,,,,,,
457,Notuv - Denk Pharma,2021-10-17 21:18:44,Metformin,,,,,,
458,Notuv - Denk Pharma,2021-10-17 22:25:14,Metformin,,,,,,
459,Notuv - Denk Pharma,2021-10-18 00:55:04,Metformin,,,,,,
460,Notuv - Denk Pharma,2021-10-18 01:25:44,Metformin,,,,,,
461,Notuv - Denk Pharma,2021-10-18 13:17:30,Metformin,,,,,,
462,Notuv - Denk Pharma,2021-10-18 23:13:49,Metformin,,,,,,
463,Notuv - Denk Pharma,2021-10-19 18:16:23,Metformin,,,,,,
464,Notuv - Denk Pharma,2021-10-19 18:27:19,Metformin,,,,,,
465,Notuv - Denk Pharma,2021-10-20 06:56:28,Metformin,,,,,,
466,Notuv - Denk Pharma,2021-10-20 17:13:46,Metformin,,,,,,
467,Notuv - Denk Pharma,2021-10-21 01:45:19,Metformin,,,,,,
468,Notuv - Denk Pharma,2021-10-21 07:00:09,Metformin,,,,,,
469,Notuv - Denk Pharma,2021-10-21 08:28:54,Metformin,,,,,,
470,Notuv - Denk Pharma,2021-10-21 15:14:58,Metformin,,,,,,
471,Notuv - Denk Pharma,2021-10-21 17:10:26,Metformin,,,,,,
472,Notuv - Denk Pharma,2021-10-22 01:04:03,Metformin,,,,,,
473,Notuv - Denk Pharma,2021-10-22 08:51:46,Metformin,,,,,,
474,Notuv - Denk Pharma,2021-10-22 19:23:24,Metformin,,,,,,
475,Notuv - Denk Pharma,2021-10-23 08:00:01,Metformin,,,,,,
476,Notuv - Denk Pharma,2021-10-23 17:35:03,Metformin,,,,,,
477,Notuv - Denk Pharma,2021-10-24 06:02:19,Metformin,,,,,,
478,Notuv - Denk Pharma,2021-10-24 11:40:39,Metformin,,,,,,
479,Notuv - Denk Pharma,2021-10-24 17:56:40,Metformin,,,,,,
480,Notuv - Denk Pharma,2021-10-25 05:04:52,Metformin,,,,,,
481,Notuv - Denk Pharma,2021-10-25 06:58:53,Metformin,,,,,,
482,Notuv - Denk Pharma,2021-10-25 15:24:24,Metformin,,,,,,
483,Notuv - Denk Pharma,2021-10-25 16:27:52,Metformin,,,,,,
484,Notuv - Denk Pharma,2021-10-25 18:33:11,Metformin,,,,,,
485,Notuv - Denk Pharma,2021-10-26 03:13:37,Metformin,,,,,,
486,Notuv - Denk Pharma,2021-10-26 11:53:30,Metformin,,,,,,
487,Notuv - Denk Pharma,2021-10-26 13:18:26,Metformin,,,,,,
488,Notuv - Denk Pharma,2021-10-26 14:03:07,Metformin,,,,,,
489,Notuv - Denk Pharma,2021-10-26 18:25:10,Metformin,,,,,,
490,Notuv - Denk Pharma,2021-10-26 18:32:43,Metformin,,,,,,
491,Notuv - Denk Pharma,2021-10-26 20:36:44,Metformin,,,,,,
492,Notuv - Denk Pharma,2021-10-27 07:02:11,Metformin,,,,,,
493,Notuv - Denk Pharma,2021-10-27 17:24:07,Metformin,,,,,,
494,Notuv - Denk Pharma,2021-10-27 19:52:06,Metformin,,,,,,
495,Notuv - Denk Pharma,2021-10-27 22:46:14,Metformin,,,,,,
496,Notuv - Denk Pharma,2021-10-28 00:22:12,Metformin,,,,,,
497,Notuv - Denk Pharma,2021-10-28 04:08:36,Metformin,,,,,,
498,Notuv - Denk Pharma,2021-10-28 06:13:45,Metformin,,,,,,
499,Notuv - Denk Pharma,2021-10-28 09:20:15,Metformin,,,,,,
500,Notuv - Denk Pharma,2021-10-28 13:56:40,Metformin,,,,,,
501,Notuv - Denk Pharma,2021-10-28 16:27:07,Metformin,,,,,,
502,Notuv - Denk Pharma,2021-10-28 20:03:34,Metformin,,,,,,
503,Notuv - Denk Pharma,2021-10-28 21:11:00,Metformin,,,,,,
504,Notuv - Denk Pharma,2021-10-28 22:45:28,Metformin,,,,,,
505,Notuv - Denk Pharma,2021-10-29 01:17:08,Metformin,,,,,,
506,Notuv - Denk Pharma,2021-10-29 03:56:47,Metformin,,,,,,
507,Notuv - Denk Pharma,2021-10-29 06:07:43,Metformin,,,,,,
508,Notuv - Denk Pharma,2021-10-29 08:38:20,Metformin,,,,,,
509,Notuv - Denk Pharma,2021-10-29 11:24:40,Metformin,,,,,,
510,Notuv - Denk Pharma,2021-10-29 14:35:44,Metformin,,,,,,
511,Notuv - Denk Pharma,2021-10-29 15:06:34,Metformin,,,,,,
512,Notuv - Denk Pharma,2021-10-29 16:15:44,Metformin,,,,,,
513,Notuv - Denk Pharma,2021-10-29 19:20:52,Metformin,,,,,,
514,Notuv - Denk Pharma,2021-10-29 22:34:31,Metformin,,,,,,
515,Notuv - Denk Pharma,2021-10-30 00:42:08,Metformin,,,,,,
516,Notuv - Denk Pharma,2021-10-30 01:30:50,Metformin,,,,,,
517,Notuv - Denk Pharma,2021-10-30 02:05:18,Metformin,,,,,,
518,Notuv - Denk Pharma,2021-10-30 07:15:40,Metformin,,,,,,
519,Notuv - Denk Pharma,2021-10-30 15:34:10,Metformin,,,,,,
520,Notuv - Denk Pharma,2021-10-30 17:02:13,Metformin,,,,,,
521,Notuv - Denk Pharma,2021-10-31 02:28:20,Metformin,,,,,,
522,Notuv - Denk Pharma,2021-10-31 16:09:49,Metformin,,,,,,
523,Notuv - Denk Pharma,2021-11-01 02:02:30,Metformin,,,,,,
524,Notuv - Denk Pharma,2021-11-01 02:14:11,Metformin,,,,,,
525,Notuv - Denk Pharma,2021-11-01 06:52:22,Metformin,,,,,,
526,Notuv - Denk Pharma,2021-11-01 23:01:39,Metformin,,,,,,
527,Notuv - Denk Pharma,2021-11-02 01:12:00,Metformin,,,,,,
528,Notuv - Denk Pharma,2021-11-02 01:15:59,Metformin,,,,,,
529,Notuv - Denk Pharma,2021-11-02 03:34:35,Metformin,,,,,,
530,Notuv - Denk Pharma,2021-11-02 06:39:15,Metformin,,,,,,
531,Notuv - Denk Pharma,2021-11-02 18:57:35,Metformin,,,,,,
532,Notuv - Denk Pharma,2021-11-02 23:58:01,Metformin,,,,,,
533,Notuv - Denk Pharma,2021-11-03 04:59:50,Metformin,,,,,,
534,Notuv - Denk Pharma,2021-11-04 01:53:03,Metformin,,,,,,
535,Notuv - Denk Pharma,2021-11-04 07:53:33,Metformin,,,,,,
536,Notuv - Denk Pharma,2021-11-04 10:29:17,Metformin,,,,,,
537,Notuv - Denk Pharma,2021-11-04 15:33:02,Metformin,,,,,,
538,Notuv - Denk Pharma,2021-11-04 15:33:59,Metformin,,,,,,
539,Notuv - Denk Pharma,2021-11-04 17:39:55,Metformin,,,,,,
540,Notuv - Denk Pharma,2021-11-04 21:49:51,Metformin,,,,,,
541,Notuv - Denk Pharma,2021-11-04 22:35:06,Metformin,,,,,,
542,Notuv - Denk Pharma,2021-11-04 23:22:26,Metformin,,,,,,
543,Notuv - Denk Pharma,2021-11-05 01:47:50,Metformin,,,,,,
544,Notuv - Denk Pharma,2021-11-05 03:47:29,Metformin,,,,,,
545,Notuv - Denk Pharma,2021-11-05 03:48:46,Metformin,,,,,,
546,Notuv - Denk Pharma,2021-11-05 09:30:33,Metformin,,,,,,
547,Notuv - Denk Pharma,2021-11-05 11:40:50,Metformin,,,,,,
548,Notuv - Denk Pharma,2021-11-05 12:16:19,Metformin,,,,,,
549,Notuv - Denk Pharma,2021-11-05 12:57:37,Metformin,,,,,,
550,Notuv - Denk Pharma,2021-11-05 14:00:17,Metformin,,,,,,
551,Notuv - Denk Pharma,2021-11-05 23:31:45,Metformin,,,,,,
552,Notuv - Denk Pharma,2021-11-06 04:17:08,Metformin,,,,,,
553,Notuv - Denk Pharma,2021-11-06 10:55:24,Metformin,,,,,,
554,Notuv - Denk Pharma,2021-11-07 00:09:29,Metformin,,,,,,
555,Notuv - Denk Pharma,2021-11-07 15:39:20,Metformin,,,,,,
556,Notuv - Denk Pharma,2021-11-07 22:14:22,Metformin,,,,,,
557,Notuv - Denk Pharma,2021-11-08 07:00:35,Metformin,,,,,,
558,Notuv - Denk Pharma,2021-11-08 12:46:38,Metformin,,,,,,
559,Notuv - Denk Pharma,2021-11-08 13:01:39,Metformin,,,,,,
560,Notuv - Denk Pharma,2021-11-08 21:01:09,Metformin,,,,,,
561,Notuv - Denk Pharma,2021-11-08 22:21:54,Metformin,,,,,,
562,Notuv - Denk Pharma,2021-11-08 22:52:03,Metformin,,,,,,
563,Notuv - Denk Pharma,2021-11-08 23:05:07,Metformin,,,,,,
564,Notuv - Denk Pharma,2021-11-09 02:55:49,Metformin,,,,,,
565,Notuv - Denk Pharma,2021-11-09 14:43:07,Metformin,,,,,,
566,Notuv - Denk Pharma,2021-11-09 22:34:09,Metformin,,,,,,
567,Notuv - Denk Pharma,2021-11-10 00:17:36,Metformin,,,,,,
568,Notuv - Denk Pharma,2021-11-10 02:03:27,Metformin,,,,,,
569,Notuv - Denk Pharma,2021-11-10 03:15:31,Metformin,,,,,,
570,Notuv - Denk Pharma,2021-11-10 13:56:08,Metformin,,,,,,
571,Notuv - Denk Pharma,2021-11-10 17:45:32,Metformin,,,,,,
572,Notuv - Denk Pharma,2021-11-10 19:55:08,Metformin,,,,,,
573,Notuv - Denk Pharma,2021-11-10 20:05:04,Metformin,,,,,,
574,Notuv - Denk Pharma,2021-11-10 20:38:28,Metformin,,,,,,
575,Notuv - Denk Pharma,2021-11-10 22:59:41,Metformin,,,,,,
576,Notuv - Denk Pharma,2021-11-11 00:08:33,Metformin,,,,,,
577,Notuv - Denk Pharma,2021-11-11 06:29:52,Metformin,,,,,,
578,Notuv - Denk Pharma,2021-11-11 09:04:03,Metformin,,,,,,
579,Notuv - Denk Pharma,2021-11-11 23:28:14,Metformin,,,,,,
580,Notuv - Denk Pharma,2021-11-12 02:25:16,Metformin,,,,,,
581,Notuv - Denk Pharma,2021-11-12 04:14:11,Metformin,,,,,,
582,Notuv - Denk Pharma,2021-11-12 04:28:16,Metformin,,,,,,
583,Notuv - Denk Pharma,2021-11-12 05:57:44,Metformin,,,,,,
584,Notuv - Denk Pharma,2021-11-12 11:32:59,Metformin,,,,,,
585,Notuv - Denk Pharma,2021-11-12 11:35:11,Metformin,,,,,,
586,Notuv - Denk Pharma,2021-11-12 13:13:26,Metformin,,,,,,
587,Notuv - Denk Pharma,2021-11-12 13:16:42,Metformin,,,,,,
588,Notuv - Denk Pharma,2021-11-12 18:23:23,Metformin,,,,,,
589,Notuv - Denk Pharma,2021-11-13 02:06:03,Metformin,,,,,,
590,Notuv - Denk Pharma,2021-11-13 03:40:42,Metformin,,,,,,
591,Notuv - Denk Pharma,2021-11-14 00:45:12,Metformin,,,,,,
592,Notuv - Denk Pharma,2021-11-14 07:29:55,Metformin,,,,,,
593,Notuv - Denk Pharma,2021-11-14 22:09:37,Metformin,,,,,,
594,Notuv - Denk Pharma,2021-11-14 22:26:20,Metformin,,,,,,
595,Notuv - Denk Pharma,2021-11-15 05:49:33,Metformin,,,,,,
596,Notuv - Denk Pharma,2021-11-15 22:51:30,Metformin,,,,,,
597,Notuv - Denk Pharma,2021-11-16 03:32:17,Metformin,,,,,,
598,Notuv - Denk Pharma,2021-11-16 08:11:25,Metformin,,,,,,
599,Notuv - Denk Pharma,2021-11-16 09:09:43,Metformin,,,,,,
600,Notuv - Denk Pharma,2021-11-16 14:32:46,Metformin,,,,,,
601,Notuv - Denk Pharma,2021-11-16 18:49:40,Metformin,,,,,,
602,Notuv - Denk Pharma,2021-11-16 19:36:00,Metformin,,,,,,
603,Notuv - Denk Pharma,2021-11-16 23:23:29,Metformin,,,,,,
604,Notuv - Denk Pharma,2021-11-17 12:01:31,Metformin,,,,,,
605,Notuv - Denk Pharma,2021-11-17 14:46:00,Metformin,,,,,,
606,Notuv - Denk Pharma,2021-11-17 17:10:37,Metformin,,,,,,
607,Notuv - Denk Pharma,2021-11-17 17:32:47,Metformin,,,,,,
608,Notuv - Denk Pharma,2021-11-18 01:14:17,Metformin,,,,,,
609,Notuv - Denk Pharma,2021-11-18 06:49:50,Metformin,,,,,,
610,Notuv - Denk Pharma,2021-11-18 12:26:38,Metformin,,,,,,
611,Notuv - Denk Pharma,2021-11-18 16:15:12,Metformin,,,,,,
612,Notuv - Denk Pharma,2021-11-19 00:27:05,Metformin,,,,,,
613,Notuv - Denk Pharma,2021-11-19 02:16:39,Metformin,,,,,,
614,Notuv - Denk Pharma,2021-11-20 02:32:25,Metformin,,,,,,
615,Notuv - Denk Pharma,2021-11-20 13:10:45,Metformin,,,,,,
616,Notuv - Denk Pharma,2021-11-20 20:28:58,Metformin,,,,,,
617,Notuv - Denk Pharma,2021-11-21 04:23:45,Metformin,,,,,,
618,Notuv - Denk Pharma,2021-11-21 05:59:38,Metformin,,,,,,
619,Notuv - Denk Pharma,2021-11-21 06:59:15,Metformin,,,,,,
620,Notuv - Denk Pharma,2021-11-21 13:23:12,Metformin,,,,,,
621,Notuv - Denk Pharma,2021-11-22 01:10:38,Metformin,,,,,,
622,Notuv - Denk Pharma,2021-11-22 09:54:55,Metformin,,,,,,
623,Notuv - Denk Pharma,2021-11-22 11:28:54,Metformin,,,,,,
624,Notuv - Denk Pharma,2021-11-22 16:16:54,Metformin,,,,,,
625,Notuv - Denk Pharma,2021-11-22 17:19:27,Metformin,,,,,,
626,Notuv - Denk Pharma,2021-11-23 08:03:24,Metformin,,,,,,
627,Notuv - Denk Pharma,2021-11-23 10:38:05,Metformin,,,,,,
628,Notuv - Denk Pharma,2021-11-24 00:03:28,Metformin,,,,,,
629,Notuv - Denk Pharma,2021-11-24 00:17:39,Metformin,,,,,,
630,Notuv - Denk Pharma,2021-11-24 08:51:38,Metformin,,,,,,
631,Notuv - Denk Pharma,2021-11-24 12:11:45,Metformin,,,,,,
632,Notuv - Denk Pharma,2021-11-24 20:11:28,Metformin,,,,,,
633,Notuv - Denk Pharma,2021-11-24 20:55:00,Metformin,,,,,,
634,Notuv - Denk Pharma,2021-11-25 04:27:41,Metformin,,,,,,
635,Notuv - Denk Pharma,2021-11-25 05:25:07,Metformin,,,,,,
636,Notuv - Denk Pharma,2021-11-25 17:47:17,Metformin,,,,,,
637,Notuv - Denk Pharma,2021-11-26 00:58:27,Metformin,,,,,,
638,Notuv - Denk Pharma,2021-11-26 01:01:46,Metformin,,,,,,
639,Notuv - Denk Pharma,2021-11-26 12:56:16,Metformin,,,,,,
640,Notuv - Denk Pharma,2021-11-26 19:08:40,Metformin,,,,,,
641,Notuv - Denk Pharma,2021-11-27 12:04:54,Metformin,,,,,,
642,Notuv - Denk Pharma,2021-11-27 17:24:43,Metformin,,,,,,
643,Notuv - Denk Pharma,2021-11-28 01:09:51,Metformin,,,,,,
644,Notuv - Denk Pharma,2021-11-28 05:37:38,Metformin,,,,,,
645,Notuv - Denk Pharma,2021-11-28 12:11:06,Metformin,,,,,,
646,Notuv - Denk Pharma,2021-11-28 12:57:43,Metformin,,,,,,
647,Notuv - Denk Pharma,2021-11-28 23:38:26,Metformin,,,,,,
648,Notuv - Denk Pharma,2021-11-29 07:57:25,Metformin,,,,,,
649,Notuv - Denk Pharma,2021-11-29 10:36:30,Metformin,,,,,,
650,Notuv - Denk Pharma,2021-11-29 13:37:13,Metformin,,,,,,
651,Notuv - Denk Pharma,2021-11-29 15:16:38,Metformin,,,,,,
652,Notuv - Denk Pharma,2021-11-29 15:49:21,Metformin,,,,,,
653,Notuv - Denk Pharma,2021-11-30 03:36:47,Metformin,,,,,,
654,Notuv - Denk Pharma,2021-11-30 06:19:47,Metformin,,,,,,
655,Notuv - Denk Pharma,2021-11-30 06:35:19,Metformin,,,,,,
656,Notuv - Denk Pharma,2021-11-30 10:12:23,Metformin,,,,,,
657,Notuv - Denk Pharma,2021-11-30 10:13:10,Metformin,,,,,,
658,Notuv - Denk Pharma,2021-11-30 10:30:06,Metformin,,,,,,
659,Notuv - Denk Pharma,2021-11-30 23:00:52,Metformin,,,,,,
660,Notuv - Denk Pharma,2021-11-30 23:30:47,Metformin,,,,,,
661,Notuv - Denk Pharma,2021-12-01 02:24:32,Metformin,,,,,,
662,Notuv - Denk Pharma,2021-12-01 12:59:15,Metformin,,,,,,
663,Notuv - Denk Pharma,2021-12-02 10:27:18,Metformin,,,,,,
664,Notuv - Denk Pharma,2021-12-02 15:06:33,Metformin,,,,,,
665,Notuv - Denk Pharma,2021-12-02 22:57:31,Metformin,,,,,,
666,Notuv - Denk Pharma,2021-12-03 04:46:22,Metformin,,,,,,
667,Notuv - Denk Pharma,2021-12-03 10:20:53,Metformin,,,,,,
668,Notuv - Denk Pharma,2021-12-03 20:02:11,Metformin,,,,,,
669,Notuv - Denk Pharma,2021-12-03 23:32:00,Metformin,,,,,,
670,Notuv - Denk Pharma,2021-12-04 11:27:51,Metformin,,,,,,
671,Notuv - Denk Pharma,2021-12-04 16:30:09,Metformin,,,,,,
672,Notuv - Denk Pharma,2021-12-04 16:54:58,Metformin,,,,,,
673,Notuv - Denk Pharma,2021-12-04 22:48:00,Metformin,,,,,,
674,Notuv - Denk Pharma,2021-12-05 08:44:58,Metformin,,,,,,
675,Notuv - Denk Pharma,2021-12-05 09:16:24,Metformin,,,,,,
676,Notuv - Denk Pharma,2021-12-05 09:32:22,Metformin,,,,,,
677,Notuv - Denk Pharma,2021-12-05 14:59:28,Metformin,,,,,,
678,Notuv - Denk Pharma,2021-12-05 19:14:54,Metformin,,,,,,
679,Notuv - Denk Pharma,2021-12-05 19:26:10,Metformin,,,,,,
680,Notuv - Denk Pharma,2021-12-06 06:20:52,Metformin,,,,,,
681,Notuv - Denk Pharma,2021-12-06 06:36:38,Metformin,,,,,,
682,Notuv - Denk Pharma,2021-12-06 08:43:53,Metformin,,,,,,
683,Notuv - Denk Pharma,2021-12-06 21:17:13,Metformin,,,,,,
684,Notuv - Denk Pharma,2021-12-07 02:56:06,Metformin,,,,,,
685,Notuv - Denk Pharma,2021-12-07 03:29:05,Metformin,,,,,,
686,Notuv - Denk Pharma,2021-12-08 01:02:43,Metformin,,,,,,
687,Notuv - Denk Pharma,2021-12-08 03:11:48,Metformin,,,,,,
688,Notuv - Denk Pharma,2021-12-08 03:26:11,Metformin,,,,,,
689,Notuv - Denk Pharma,2021-12-08 03:36:31,Metformin,,,,,,
690,Notuv - Denk Pharma,2021-12-08 15:47:14,Metformin,,,,,,
691,Notuv - Denk Pharma,2021-12-08 21:11:36,Metformin,,,,,,
692,Notuv - Denk Pharma,2021-12-09 05:08:55,Metformin,,,,,,
693,Notuv - Denk Pharma,2021-12-09 05:31:00,Metformin,,,,,,
694,Notuv - Denk Pharma,2021-12-09 09:57:53,Metformin,,,,,,
695,Notuv - Denk Pharma,2021-12-09 23:16:03,Metformin,,,,,,
696,Notuv - Denk Pharma,2021-12-10 07:28:04,Metformin,,,,,,
697,Notuv - Denk Pharma,2021-12-11 09:06:25,Metformin,,,,,,
698,Notuv - Denk Pharma,2021-12-11 18:07:01,Metformin,,,,,,
699,Notuv - Denk Pharma,2021-12-11 22:46:40,Metformin,,,,,,
700,Notuv - Denk Pharma,2021-12-12 01:22:20,Metformin,,,,,,
701,Notuv - Denk Pharma,2021-12-12 02:37:21,Metformin,,,,,,
702,Notuv - Denk Pharma,2021-12-12 02:45:21,Metformin,,,,,,
703,Notuv - Denk Pharma,2021-12-12 17:12:07,Metformin,,,,,,
704,Notuv - Denk Pharma,2021-12-13 07:53:46,Metformin,,,,,,
705,Notuv - Denk Pharma,2021-12-13 10:36:41,Metformin,,,,,,
706,Notuv - Denk Pharma,2021-12-13 14:59:36,Metformin,,,,,,
707,Notuv - Denk Pharma,2021-12-13 18:36:44,Metformin,,,,,,
708,Notuv - Denk Pharma,2021-12-13 20:14:55,Metformin,,,,,,
709,Notuv - Denk Pharma,2021-12-14 02:40:58,Metformin,,,,,,
710,Notuv - Denk Pharma,2021-12-14 19:13:59,Metformin,,,,,,
711,Notuv - Denk Pharma,2021-12-15 08:33:41,Metformin,,,,,,
712,Notuv - Denk Pharma,2021-12-15 09:09:45,Metformin,,,,,,
713,Notuv - Denk Pharma,2021-12-15 10:33:38,Metformin,,,,,,
714,Notuv - Denk Pharma,2021-12-15 13:22:53,Metformin,,,,,,
715,Notuv - Denk Pharma,2021-12-15 15:05:32,Metformin,,,,,,
716,Notuv - Denk Pharma,2021-12-15 18:34:56,Metformin,,,,,,
717,Notuv - Denk Pharma,2021-12-15 20:16:54,Metformin,,,,,,
718,Notuv - Denk Pharma,2021-12-15 22:41:38,Metformin,,,,,,
719,Notuv - Denk Pharma,2021-12-16 04:20:59,Metformin,,,,,,
720,Notuv - Denk Pharma,2021-12-16 12:15:06,Metformin,,,,,,
721,Notuv - Denk Pharma,2021-12-16 13:22:32,Metformin,,,,,,
722,Notuv - Denk Pharma,2021-12-16 16:22:04,Metformin,,,,,,
723,Notuv - Denk Pharma,2021-12-16 19:42:51,Metformin,,,,,,
724,Notuv - Denk Pharma,2021-12-16 20:21:57,Metformin,,,,,,
725,Notuv - Denk Pharma,2021-12-16 23:19:57,Metformin,,,,,,
726,Notuv - Denk Pharma,2021-12-17 12:30:31,Metformin,,,,,,
727,Notuv - Denk Pharma,2021-12-17 15:40:16,Metformin,,,,,,
728,Notuv - Denk Pharma,2021-12-18 06:54:16,Metformin,,,,,,
729,Notuv - Denk Pharma,2021-12-18 09:03:49,Metformin,,,,,,
730,Notuv - Denk Pharma,2021-12-18 09:15:24,Metformin,,,,,,
731,Notuv - Denk Pharma,2021-12-18 17:46:44,Metformin,,,,,,
732,Notuv - Denk Pharma,2021-12-18 20:54:59,Metformin,,,,,,
733,Notuv - Denk Pharma,2021-12-18 21:02:14,Metformin,,,,,,
734,Notuv - Denk Pharma,2021-12-19 05:22:57,Metformin,,,,,,
735,Notuv - Denk Pharma,2021-12-19 16:27:03,Metformin,,,,,,
736,Notuv - Denk Pharma,2021-12-19 23:56:07,Metformin,,,,,,
737,Notuv - Denk Pharma,2021-12-20 00:47:24,Metformin,,,,,,
738,Notuv - Denk Pharma,2021-12-20 15:06:37,Metformin,,,,,,
739,Notuv - Denk Pharma,2021-12-20 18:25:35,Metformin,,,,,,
740,Notuv - Denk Pharma,2021-12-20 22:10:30,Metformin,,,,,,
741,Notuv - Denk Pharma,2021-12-21 03:06:54,Metformin,,,,,,
742,Notuv - Denk Pharma,2021-12-21 17:46:57,Metformin,,,,,,
743,Notuv - Denk Pharma,2021-12-22 02:33:08,Metformin,,,,,,
744,Notuv - Denk Pharma,2021-12-22 05:50:04,Metformin,,,,,,
745,Notuv - Denk Pharma,2021-12-22 12:11:35,Metformin,,,,,,
746,Notuv - Denk Pharma,2021-12-22 12:54:02,Metformin,,,,,,
747,Notuv - Denk Pharma,2021-12-22 20:04:38,Metformin,,,,,,
748,Notuv - Denk Pharma,2021-12-23 05:58:20,Metformin,,,,,,
749,Notuv - Denk Pharma,2021-12-23 06:23:27,Metformin,,,,,,
750,Notuv - Denk Pharma,2021-12-23 07:03:05,Metformin,,,,,,
751,Notuv - Denk Pharma,2021-12-23 10:23:09,Metformin,,,,,,
752,Notuv - Denk Pharma,2021-12-23 20:54:34,Metformin,,,,,,
753,Notuv - Denk Pharma,2021-12-24 01:08:58,Metformin,,,,,,
754,Notuv - Denk Pharma,2021-12-24 04:53:25,Metformin,,,,,,
755,Notuv - Denk Pharma,2021-12-25 01:00:07,Metformin,,,,,,
756,Notuv - Denk Pharma,2021-12-25 01:45:56,Metformin,,,,,,
757,Notuv - Denk Pharma,2021-12-25 04:10:19,Metformin,,,,,,
758,Notuv - Denk Pharma,2021-12-25 14:59:07,Metformin,,,,,,
759,Notuv - Denk Pharma,2021-12-25 15:55:13,Metformin,,,,,,
760,Notuv - Denk Pharma,2021-12-25 18:18:03,Metformin,,,,,,
761,Notuv - Denk Pharma,2021-12-25 19:49:00,Metformin,,,,,,
762,Notuv - Denk Pharma,2021-12-26 00:18:57,Metformin,,,,,,
763,Notuv - Denk Pharma,2021-12-26 06:56:58,Metformin,,,,,,
764,Notuv - Denk Pharma,2021-12-26 07:47:33,Metformin,,,,,,
765,Notuv - Denk Pharma,2021-12-26 09:46:51,Metformin,,,,,,
766,Notuv - Denk Pharma,2021-12-27 01:25:43,Metformin,,,,,,
767,Notuv - Denk Pharma,2021-12-27 05:46:41,Metformin,,,,,,
768,Notuv - Denk Pharma,2021-12-27 07:05:52,Metformin,,,,,,
769,Notuv - Denk Pharma,2021-12-28 01:43:40,Metformin,,,,,,
770,Notuv - Denk Pharma,2021-12-28 19:04:09,Metformin,,,,,,
771,Notuv - Denk Pharma,2021-12-28 21:48:39,Metformin,,,,,,
772,Notuv - Denk Pharma,2021-12-29 01:20:24,Metformin,,,,,,
773,Notuv - Denk Pharma,2021-12-29 03:36:27,Metformin,,,,,,
774,Notuv - Denk Pharma,2021-12-29 10:02:20,Metformin,,,,,,
775,Notuv - Denk Pharma,2021-12-29 12:03:08,Metformin,,,,,,
776,Notuv - Denk Pharma,2021-12-29 15:43:17,Metformin,,,,,,
777,Notuv - Denk Pharma,2021-12-29 16:40:55,Metformin,,,,,,
778,Notuv - Denk Pharma,2021-12-30 00:08:22,Metformin,,,,,,
779,Notuv - Denk Pharma,2021-12-30 23:40:43,Metformin,,,,,,
780,Notuv - Denk Pharma,2021-12-31 06:33:56,Metformin,,,,,,
781,Notuv - Denk Pharma,2021-12-31 17:59:06,Metformin,,,,,,
782,Notuv - Denk Pharma,2022-01-01 02:09:07,Metformin,,,,,,
783,Notuv - Denk Pharma,2022-01-01 05:55:09,Metformin,,,,,,
784,Notuv - Denk Pharma,2022-01-01 14:30:38,Metformin,,,,,,
785,Notuv - Denk Pharma,2022-01-01 17:22:42,Metformin,,,,,,
786,Notuv - Denk Pharma,2022-01-02 02:02:48,Metformin,,,,,,
787,Notuv - Denk Pharma,2022-01-02 21:36:31,Metformin,,,,,,
788,Notuv - Denk Pharma,2022-01-03 12:35:49,Metformin,,,,,,
789,Notuv - Denk Pharma,2022-01-03 16:36:27,Metformin,,,,,,
790,Notuv - Denk Pharma,2022-01-03 16:50:39,Metformin,,,,,,
791,Notuv - Denk Pharma,2022-01-04 00:24:01,Metformin,,,,,,
792,Notuv - Denk Pharma,2022-01-04 09:57:17,Metformin,,,,,,
793,Notuv - Denk Pharma,2022-01-04 19:44:05,Metformin,,,,,,
794,Notuv - Denk Pharma,2022-01-05 00:30:30,Metformin,,,,,,
795,Notuv - Denk Pharma,2022-01-05 13:12:45,Metformin,,,,,,
796,Notuv - Denk Pharma,2022-01-05 20:34:05,Metformin,,,,,,
797,Notuv - Denk Pharma,2022-01-06 00:32:45,Metformin,,,,,,
798,Notuv - Denk Pharma,2022-01-06 12:32:02,Metformin,,,,,,
799,Notuv - Denk Pharma,2022-01-06 16:31:08,Metformin,,,,,,
800,Notuv - Denk Pharma,2022-01-06 18:07:28,Metformin,,,,,,
801,Notuv - Denk Pharma,2022-01-06 21:04:34,Metformin,,,,,,
802,Notuv - Denk Pharma,2022-01-06 23:00:33,Metformin,,,,,,
803,Notuv - Denk Pharma,2022-01-07 10:06:41,Metformin,,,,,,
804,Notuv - Denk Pharma,2022-01-07 11:14:46,Metformin,,,,,,
805,Notuv - Denk Pharma,2022-01-07 17:16:59,Metformin,,,,,,
806,Notuv - Denk Pharma,2022-01-07 19:38:08,Metformin,,,,,,
807,Notuv - Denk Pharma,2022-01-08 01:57:10,Metformin,,,,,,
808,Notuv - Denk Pharma,2022-01-08 04:02:34,Metformin,,,,,,
809,Notuv - Denk Pharma,2022-01-08 06:46:27,Metformin,,,,,,
810,Notuv - Denk Pharma,2022-01-08 13:37:01,Metformin,,,,,,
811,Notuv - Denk Pharma,2022-01-09 07:04:00,Metformin,,,,,,
812,Notuv - Denk Pharma,2022-01-09 10:31:13,Metformin,,,,,,
813,Notuv - Denk Pharma,2022-01-09 13:56:22,Metformin,,,,,,
814,Notuv - Denk Pharma,2022-01-09 21:11:02,Metformin,,,,,,
815,Notuv - Denk Pharma,2022-01-10 00:00:30,Metformin,,,,,,
816,Notuv - Denk Pharma,2022-01-10 03:40:38,Metformin,,,,,,
817,Notuv - Denk Pharma,2022-01-10 07:02:46,Metformin,,,,,,
818,Notuv - Denk Pharma,2022-01-10 10:14:55,Metformin,,,,,,
819,Notuv - Denk Pharma,2022-01-10 10:21:26,Metformin,,,,,,
820,Notuv - Denk Pharma,2022-01-10 14:01:21,Metformin,,,,,,
821,Notuv - Denk Pharma,2022-01-10 19:27:42,Metformin,,,,,,
822,Notuv - Denk Pharma,2022-01-10 20:30:39,Metformin,,,,,,
823,Notuv - Denk Pharma,2022-01-11 00:00:20,Metformin,,,,,,
824,Notuv - Denk Pharma,2022-01-11 00:48:26,Metformin,,,,,,
825,Notuv - Denk Pharma,2022-01-11 14:50:33,Metformin,,,,,,
826,Notuv - Denk Pharma,2022-01-11 18:45:50,Metformin,,,,,,
827,Notuv - Denk Pharma,2022-01-11 19:45:40,Metformin,,,,,,
828,Notuv - Denk Pharma,2022-01-11 21:27:25,Metformin,,,,,,
829,Notuv - Denk Pharma,2022-01-11 21:44:38,Metformin,,,,,,
830,Notuv - Denk Pharma,2022-01-12 00:31:21,Metformin,,,,,,
831,Notuv - Denk Pharma,2022-01-12 08:59:33,Metformin,,,,,,
832,Notuv - Denk Pharma,2022-01-12 22:39:40,Metformin,,,,,,
833,Notuv - Denk Pharma,2022-01-12 23:26:54,Metformin,,,,,,
834,Notuv - Denk Pharma,2022-01-13 02:25:05,Metformin,,,,,,
835,Notuv - Denk Pharma,2022-01-13 10:28:54,Metformin,,,,,,
836,Notuv - Denk Pharma,2022-01-13 22:07:14,Metformin,,,,,,
837,Notuv - Denk Pharma,2022-01-13 22:54:35,Metformin,,,,,,
838,Notuv - Denk Pharma,2022-01-14 02:30:22,Metformin,,,,,,
839,Notuv - Denk Pharma,2022-01-14 07:28:06,Metformin,,,,,,
840,Notuv - Denk Pharma,2022-01-14 20:11:33,Metformin,,,,,,
841,Notuv - Denk Pharma,2022-01-14 21:15:35,Metformin,,,,,,
842,Notuv - Denk Pharma,2022-01-14 21:44:14,Metformin,,,,,,
843,Notuv - Denk Pharma,2022-01-15 02:16:09,Metformin,,,,,,
844,Notuv - Denk Pharma,2022-01-15 07:25:22,Metformin,,,,,,
845,Notuv - Denk Pharma,2022-01-15 08:05:57,Metformin,,,,,,
846,Notuv - Denk Pharma,2022-01-15 10:41:14,Metformin,,,,,,
847,Notuv - Denk Pharma,2022-01-15 13:46:05,Metformin,,,,,,
848,Notuv - Denk Pharma,2022-01-15 17:46:19,Metformin,,,,,,
849,Notuv - Denk Pharma,2022-01-15 21:17:04,Metformin,,,,,,
850,Notuv - Denk Pharma,2022-01-15 23:46:24,Metformin,,,,,,
851,Notuv - Denk Pharma,2022-01-16 00:17:16,Metformin,,,,,,
852,Notuv - Denk Pharma,2022-01-16 00:43:32,Metformin,,,,,,
853,Notuv - Denk Pharma,2022-01-16 13:12:44,Metformin,,,,,,
854,Notuv - Denk Pharma,2022-01-16 17:34:22,Metformin,,,,,,
855,Notuv - Denk Pharma,2022-01-16 18:14:45,Metformin,,,,,,
856,Notuv - Denk Pharma,2022-01-17 01:08:50,Metformin,,,,,,
857,Notuv - Denk Pharma,2022-01-17 01:35:57,Metformin,,,,,,
858,Notuv - Denk Pharma,2022-01-17 08:57:25,Metformin,,,,,,
859,Notuv - Denk Pharma,2022-01-17 17:36:53,Metformin,,,,,,
860,Notuv - Denk Pharma,2022-01-18 03:02:47,Metformin,,,,,,
861,Notuv - Denk Pharma,2022-01-18 03:06:40,Metformin,,,,,,
862,Notuv - Denk Pharma,2022-01-18 03:39:30,Metformin,,,,,,
863,Notuv - Denk Pharma,2022-01-18 06:56:33,Metformin,,,,,,
864,Notuv - Denk Pharma,2022-01-19 04:55:27,Metformin,,,,,,
865,Notuv - Denk Pharma,2022-01-19 08:58:35,Metformin,,,,,,
866,Notuv - Denk Pharma,2022-01-19 09:50:54,Metformin,,,,,,
867,Notuv - Denk Pharma,2022-01-19 10:21:14,Metformin,,,,,,
868,Notuv - Denk Pharma,2022-01-19 14:23:45,Metformin,,,,,,
869,Notuv - Denk Pharma,2022-01-19 16:45:45,Metformin,,,,,,
870,Notuv - Denk Pharma,2022-01-19 17:59:23,Metformin,,,,,,
871,Notuv - Denk Pharma,2022-01-20 04:24:55,Metformin,,,,,,
872,Notuv - Denk Pharma,2022-01-20 07:23:02,Metformin,,,,,,
873,Notuv - Denk Pharma,2022-01-20 09:28:05,Metformin,,,,,,
874,Notuv - Denk Pharma,2022-01-21 09:43:59,Metformin,,,,,,
875,Notuv - Denk Pharma,2022-01-21 16:27:30,Metformin,,,,,,
876,Notuv - Denk Pharma,2022-01-21 16:30:55,Metformin,,,,,,
877,Notuv - Denk Pharma,2022-01-21 17:56:30,Metformin,,,,,,
878,Notuv - Denk Pharma,2022-01-22 00:05:20,Metformin,,,,,,
879,Notuv - Denk Pharma,2022-01-22 00:13:28,Metformin,,,,,,
880,Notuv - Denk Pharma,2022-01-22 02:49:28,Metformin,,,,,,
881,Notuv - Denk Pharma,2022-01-22 02:54:16,Metformin,,,,,,
882,Notuv - Denk Pharma,2022-01-22 09:24:46,Metformin,,,,,,
883,Notuv - Denk Pharma,2022-01-22 16:57:31,Metformin,,,,,,
884,Notuv - Denk Pharma,2022-01-23 02:48:37,Metformin,,,,,,
885,Notuv - Denk Pharma,2022-01-23 05:08:00,Metformin,,,,,,
886,Notuv - Denk Pharma,2022-01-23 19:59:18,Metformin,,,,,,
887,Notuv - Denk Pharma,2022-01-23 22:59:11,Metformin,,,,,,
888,Notuv - Denk Pharma,2022-01-24 05:32:32,Metformin,,,,,,
889,Notuv - Denk Pharma,2022-01-24 07:02:44,Metformin,,,,,,
890,Notuv - Denk Pharma,2022-01-24 08:04:44,Metformin,,,,,,
891,Notuv - Denk Pharma,2022-01-24 22:11:07,Metformin,,,,,,
892,Notuv - Denk Pharma,2022-01-25 16:13:56,Metformin,,,,,,
893,Notuv - Denk Pharma,2022-01-25 17:37:02,Metformin,,,,,,
894,Notuv - Denk Pharma,2022-01-25 18:08:42,Metformin,,,,,,
895,Notuv - Denk Pharma,2022-01-26 09:51:26,Metformin,,,,,,
896,Notuv - Denk Pharma,2022-01-27 01:40:34,Metformin,,,,,,
897,Notuv - Denk Pharma,2022-01-27 03:03:53,Metformin,,,,,,
898,Notuv - Denk Pharma,2022-01-27 04:51:10,Metformin,,,,,,
899,Notuv - Denk Pharma,2022-01-27 13:16:06,Metformin,,,,,,
900,Notuv - Denk Pharma,2022-01-27 20:08:47,Metformin,,,,,,
901,Notuv - Denk Pharma,2022-01-28 02:54:59,Metformin,,,,,,
902,Notuv - Denk Pharma,2022-01-28 13:03:43,Metformin,,,,,,
903,Notuv - Denk Pharma,2022-01-28 14:07:56,Metformin,,,,,,
904,Notuv - Denk Pharma,2022-01-28 22:07:56,Metformin,,,,,,
905,Notuv - Denk Pharma,2022-01-28 22:28:16,Metformin,,,,,,
906,Notuv - Denk Pharma,2022-01-28 23:48:26,Metformin,,,,,,
907,Notuv - Denk Pharma,2022-01-29 08:50:52,Metformin,,,,,,
908,Notuv - Denk Pharma,2022-01-29 10:15:41,Metformin,,,,,,
909,Notuv - Denk Pharma,2022-01-29 19:40:19,Metformin,,,,,,
910,Notuv - Denk Pharma,2022-01-30 09:28:20,Metformin,,,,,,
911,Notuv - Denk Pharma,2022-01-30 14:34:11,Metformin,,,,,,
912,Notuv - Denk Pharma,2022-01-30 15:35:46,Metformin,,,,,,
913,Notuv - Denk Pharma,2022-01-31 05:05:12,Metformin,,,,,,
914,Notuv - Denk Pharma,2022-01-31 12:15:01,Metformin,,,,,,
915,Notuv - Denk Pharma,2022-01-31 13:46:39,Metformin,,,,,,
916,Notuv - Denk Pharma,2022-01-31 16:08:29,Metformin,,,,,,
917,Notuv - Denk Pharma,2022-01-31 19:00:44,Metformin,,,,,,
918,Notuv - Denk Pharma,2022-01-31 20:19:21,Metformin,,,,,,
919,Notuv - Denk Pharma,2022-02-01 01:38:31,Metformin,,,,,,
920,Notuv - Denk Pharma,2022-02-01 04:09:27,Metformin,,,,,,
921,Notuv - Denk Pharma,2022-02-01 06:45:22,Metformin,,,,,,
922,Notuv - Denk Pharma,2022-02-01 08:04:49,Metformin,,,,,,
923,Notuv - Denk Pharma,2022-02-01 10:06:43,Metformin,,,,,,
924,Notuv - Denk Pharma,2022-02-01 12:15:49,Metformin,,,,,,
925,Notuv - Denk Pharma,2022-02-01 18:27:14,Metformin,,,,,,
926,Notuv - Denk Pharma,2022-02-01 22:19:18,Metformin,,,,,,
927,Notuv - Denk Pharma,2022-02-02 03:00:57,Metformin,,,,,,
928,Notuv - Denk Pharma,2022-02-02 03:27:16,Metformin,,,,,,
929,Notuv - Denk Pharma,2022-02-02 03:45:19,Metformin,,,,,,
930,Notuv - Denk Pharma,2022-02-02 04:21:26,Metformin,,,,,,
931,Notuv - Denk Pharma,2022-02-02 12:40:41,Metformin,,,,,,
932,Notuv - Denk Pharma,2022-02-02 13:53:57,Metformin,,,,,,
933,Notuv - Denk Pharma,2022-02-03 04:27:45,Metformin,,,,,,
934,Notuv - Denk Pharma,2022-02-03 12:31:57,Metformin,,,,,,
935,Notuv - Denk Pharma,2022-02-04 01:32:07,Metformin,,,,,,
936,Notuv - Denk Pharma,2022-02-04 10:23:15,Metformin,,,,,,
937,Notuv - Denk Pharma,2022-02-04 11:33:22,Metformin,,,,,,
938,Notuv - Denk Pharma,2022-02-04 13:51:14,Metformin,,,,,,
939,Notuv - Denk Pharma,2022-02-05 18:50:19,Metformin,,,,,,
940,Notuv - Denk Pharma,2022-02-05 19:55:09,Metformin,,,,,,
941,Notuv - Denk Pharma,2022-02-05 21:20:01,Metformin,,,,,,
942,Notuv - Denk Pharma,2022-02-05 22:18:27,Metformin,,,,,,
943,Notuv - Denk Pharma,2022-02-06 16:46:11,Metformin,,,,,,
944,Notuv - Denk Pharma,2022-02-06 22:25:47,Metformin,,,,,,
945,Notuv - Denk Pharma,2022-02-06 22:37:55,Metformin,,,,,,
946,Notuv - Denk Pharma,2022-02-07 01:24:34,Metformin,,,,,,
947,Notuv - Denk Pharma,2022-02-07 02:25:28,Metformin,,,,,,
948,Notuv - Denk Pharma,2022-02-07 10:23:34,Metformin,,,,,,
949,Notuv - Denk Pharma,2022-02-07 19:30:46,Metformin,,,,,,
950,Notuv - Denk Pharma,2022-02-08 02:14:58,Metformin,,,,,,
951,Notuv - Denk Pharma,2022-02-08 04:20:05,Metformin,,,,,,
952,Notuv - Denk Pharma,2022-02-08 08:53:34,Metformin,,,,,,
953,Notuv - Denk Pharma,2022-02-09 10:28:17,Metformin,,,,,,
954,Notuv - Denk Pharma,2022-02-09 10:48:52,Metformin,,,,,,
955,Notuv - Denk Pharma,2022-02-09 17:42:33,Metformin,,,,,,
956,Notuv - Denk Pharma,2022-02-09 23:28:25,Metformin,,,,,,
957,Notuv - Denk Pharma,2022-02-10 02:30:13,Metformin,,,,,,
958,Notuv - Denk Pharma,2022-02-10 15:35:34,Metformin,,,,,,
959,Notuv - Denk Pharma,2022-02-11 03:00:29,Metformin,,,,,,
960,Notuv - Denk Pharma,2022-02-11 03:47:38,Metformin,,,,,,
961,Notuv - Denk Pharma,2022-02-11 08:42:38,Metformin,,,,,,
962,Notuv - Denk Pharma,2022-02-11 09:10:06,Metformin,,,,,,
963,Notuv - Denk Pharma,2022-02-12 06:32:43,Metformin,,,,,,
964,Notuv - Denk Pharma,2022-02-12 12:29:01,Metformin,,,,,,
965,Notuv - Denk Pharma,2022-02-12 14:04:12,Metformin,,,,,,
966,Notuv - Denk Pharma,2022-02-13 00:47:37,Metformin,,,,,,
967,Notuv - Denk Pharma,2022-02-13 16:05:44,Metformin,,,,,,
968,Notuv - Denk Pharma,2022-02-13 20:01:52,Metformin,,,,,,
969,Notuv - Denk Pharma,2022-02-13 20:49:30,Metformin,,,,,,
970,Notuv - Denk Pharma,2022-02-13 20:58:34,Metformin,,,,,,
971,Notuv - Denk Pharma,2022-02-14 10:19:27,Metformin,,,,,,
972,Notuv - Denk Pharma,2022-02-14 17:35:37,Metformin,,,,,,
973,Notuv - Denk Pharma,2022-02-14 22:58:19,Metformin,,,,,,
974,Notuv - Denk Pharma,2022-02-15 07:34:32,Metformin,,,,,,
975,Notuv - Denk Pharma,2022-02-15 08:04:20,Metformin,,,,,,
976,Notuv - Denk Pharma,2022-02-15 12:22:41,Metformin,,,,,,
977,Notuv - Denk Pharma,2022-02-15 19:10:53,Metformin,,,,,,
978,Notuv - Denk Pharma,2022-02-16 00:50:45,Metformin,,,,,,
979,Notuv - Denk Pharma,2022-02-16 03:28:39,Metformin,,,,,,
980,Notuv - Denk Pharma,2022-02-16 13:45:43,Metformin,,,,,,
981,Notuv - Denk Pharma,2022-02-16 14:14:49,Metformin,,,,,,
982,Notuv - Denk Pharma,2022-02-17 00:40:37,Metformin,,,,,,
983,Notuv - Denk Pharma,2022-02-17 06:12:57,Metformin,,,,,,
984,Notuv - Denk Pharma,2022-02-17 13:19:06,Metformin,,,,,,
985,Notuv - Denk Pharma,2022-02-17 17:29:13,Metformin,,,,,,
986,Notuv - Denk Pharma,2022-02-18 03:28:24,Metformin,,,,,,
987,Notuv - Denk Pharma,2022-02-18 04:33:02,Metformin,,,,,,
988,Notuv - Denk Pharma,2022-02-18 04:50:56,Metformin,,,,,,
989,Notuv - Denk Pharma,2022-02-18 07:00:15,Metformin,,,,,,
990,Notuv - Denk Pharma,2022-02-18 15:32:47,Metformin,,,,,,
991,Notuv - Denk Pharma,2022-02-18 16:26:49,Metformin,,,,,,
992,Notuv - Denk Pharma,2022-02-18 16:59:39,Metformin,,,,,,
993,Notuv - Denk Pharma,2022-02-18 18:43:50,Metformin,,,,,,
994,Notuv - Denk Pharma,2022-02-18 19:25:57,Metformin,,,,,,
995,Notuv - Denk Pharma,2022-02-18 22:03:39,Metformin,,,,,,
996,Notuv - Denk Pharma,2022-02-19 11:11:38,Metformin,,,,,,
997,Notuv - Denk Pharma,2022-02-19 11:18:24,Metformin,,,,,,
998,Notuv - Denk Pharma,2022-02-19 13:37:21,Metformin,,,,,,
999,Notuv - Denk Pharma,2022-02-20 04:19:08,Metformin,,,,,,
1000,Notuv - Denk Pharma,2022-02-20 22:08:04,Metformin,,,,,,
1001,Notuv - Denk Pharma,2022-02-21 13:56:12,Metformin,,,,,,
1002,Notuv - Denk Pharma,2022-02-21 17:59:50,Metformin,,,,,,
1003,Notuv - Denk Pharma,2022-02-21 18:12:58,Metformin,,,,,,
1004,Notuv - Denk Pharma,2022-02-22 02:43:06,Metformin,,,,,,
1005,Notuv - Denk Pharma,2022-02-22 05:27:06,Metformin,,,,,,
1006,Notuv - Denk Pharma,2022-02-22 08:20:11,Metformin,,,,,,
1007,Notuv - Denk Pharma,2022-02-22 09:32:31,Metformin,,,,,,
1008,Notuv - Denk Pharma,2022-02-22 09:41:28,Metformin,,,,,,
1009,Notuv - Denk Pharma,2022-02-22 10:17:53,Metformin,,,,,,
1010,Notuv - Denk Pharma,2022-02-22 14:12:06,Metformin,,,,,,
1011,Notuv - Denk Pharma,2022-02-23 10:53:14,Metformin,,,,,,
1012,Notuv - Denk Pharma,2022-02-23 20:58:28,Metformin,,,,,,
1013,Notuv - Denk Pharma,2022-02-23 21:44:30,Metformin,,,,,,
1014,Notuv - Denk Pharma,2022-02-24 02:13:15,Metformin,,,,,,
1015,Notuv - Denk Pharma,2022-02-24 02:54:26,Metformin,,,,,,
1016,Notuv - Denk Pharma,2022-02-24 07:12:47,Metformin,,,,,,
1017,Notuv - Denk Pharma,2022-02-24 07:47:26,Metformin,,,,,,
1018,Notuv - Denk Pharma,2022-02-24 08:46:03,Metformin,,,,,,
1019,Notuv - Denk Pharma,2022-02-25 08:54:21,Metformin,,,,,,
1020,Notuv - Denk Pharma,2022-02-25 09:28:08,Metformin,,,,,,
1021,Notuv - Denk Pharma,2022-02-25 12:21:55,Metformin,,,,,,
1022,Notuv - Denk Pharma,2022-02-25 14:46:06,Metformin,,,,,,
1023,Notuv - Denk Pharma,2022-02-25 20:46:25,Metformin,,,,,,
1024,Notuv - Denk Pharma,2022-02-25 21:45:12,Metformin,,,,,,
1025,Notuv - Denk Pharma,2022-02-26 07:18:07,Metformin,,,,,,
1026,Notuv - Denk Pharma,2022-02-26 11:48:29,Metformin,,,,,,
1027,Notuv - Denk Pharma,2022-02-26 16:13:16,Metformin,,,,,,
1028,Notuv - Denk Pharma,2022-02-26 16:15:31,Metformin,,,,,,
1029,Notuv - Denk Pharma,2022-02-27 22:28:18,Metformin,,,,,,
1030,Notuv - Denk Pharma,2022-03-01 00:59:01,Metformin,,,,,,
1031,Notuv - Denk Pharma,2022-03-01 06:59:36,Metformin,,,,,,
1032,Notuv - Denk Pharma,2022-03-01 10:46:29,Metformin,,,,,,
1033,Notuv - Denk Pharma,2022-03-01 17:07:47,Metformin,,,,,,
1034,Notuv - Denk Pharma,2022-03-01 17:28:18,Metformin,,,,,,
1035,Notuv - Denk Pharma,2022-03-01 19:12:55,Metformin,,,,,,
1036,Notuv - Denk Pharma,2022-03-01 23:47:27,Metformin,,,,,,
1037,Notuv - Denk Pharma,2022-03-02 15:40:51,Metformin,,,,,,
1038,Notuv - Denk Pharma,2022-03-02 20:52:18,Metformin,,,,,,
1039,Notuv - Denk Pharma,2022-03-03 01:32:38,Metformin,,,,,,
1040,Notuv - Denk Pharma,2022-03-03 05:38:16,Metformin,,,,,,
1041,Notuv - Denk Pharma,2022-03-03 12:01:51,Metformin,,,,,,
1042,Notuv - Denk Pharma,2022-03-03 13:11:07,Metformin,,,,,,
1043,Notuv - Denk Pharma,2022-03-03 19:08:28,Metformin,,,,,,
1044,Notuv - Denk Pharma,2022-03-04 00:29:39,Metformin,,,,,,
1045,Notuv - Denk Pharma,2022-03-04 10:37:04,Metformin,,,,,,
1046,Notuv - Denk Pharma,2022-03-04 15:15:29,Metformin,,,,,,
1047,Notuv - Denk Pharma,2022-03-04 17:41:57,Metformin,,,,,,
1048,Notuv - Denk Pharma,2022-03-04 19:11:09,Metformin,,,,,,
1049,Notuv - Denk Pharma,2022-03-04 22:32:32,Metformin,,,,,,
1050,Notuv - Denk Pharma,2022-03-04 22:48:23,Metformin,,,,,,
1051,Notuv - Denk Pharma,2022-03-04 22:49:04,Metformin,,,,,,
1052,Notuv - Denk Pharma,2022-03-05 02:22:33,Metformin,,,,,,
1053,Notuv - Denk Pharma,2022-03-05 07:09:47,Metformin,,,,,,
1054,Notuv - Denk Pharma,2022-03-05 17:12:33,Metformin,,,,,,
1055,Notuv - Denk Pharma,2022-03-05 20:50:20,Metformin,,,,,,
1056,Notuv - Denk Pharma,2022-03-06 04:47:46,Metformin,,,,,,
1057,Notuv - Denk Pharma,2022-03-06 13:43:35,Metformin,,,,,,
1058,Notuv - Denk Pharma,2022-03-06 19:50:45,Metformin,,,,,,
1059,Notuv - Denk Pharma,2022-03-06 23:51:46,Metformin,,,,,,
1060,Notuv - Denk Pharma,2022-03-07 01:23:20,Metformin,,,,,,
1061,Notuv - Denk Pharma,2022-03-07 04:07:56,Metformin,,,,,,
1062,Notuv - Denk Pharma,2022-03-07 07:50:25,Metformin,,,,,,
1063,Notuv - Denk Pharma,2022-03-07 10:42:29,Metformin,,,,,,
1064,Notuv - Denk Pharma,2022-03-07 13:43:52,Metformin,,,,,,
1065,Notuv - Denk Pharma,2022-03-07 16:41:17,Metformin,,,,,,
1066,Notuv - Denk Pharma,2022-03-07 22:07:31,Metformin,,,,,,
1067,Notuv - Denk Pharma,2022-03-08 07:32:37,Metformin,,,,,,
1068,Notuv - Denk Pharma,2022-03-08 11:01:21,Metformin,,,,,,
1069,Notuv - Denk Pharma,2022-03-08 20:12:25,Metformin,,,,,,
1070,Notuv - Denk Pharma,2022-03-08 22:22:41,Metformin,,,,,,
1071,Notuv - Denk Pharma,2022-03-09 07:34:48,Metformin,,,,,,
1072,Notuv - Denk Pharma,2022-03-10 00:54:05,Metformin,,,,,,
1073,Notuv - Denk Pharma,2022-03-10 02:20:21,Metformin,,,,,,
1074,Notuv - Denk Pharma,2022-03-10 03:31:17,Metformin,,,,,,
1075,Notuv - Denk Pharma,2022-03-10 03:49:15,Metformin,,,,,,
1076,Notuv - Denk Pharma,2022-03-10 09:35:18,Metformin,,,,,,
1077,Notuv - Denk Pharma,2022-03-10 10:34:14,Metformin,,,,,,
1078,Notuv - Denk Pharma,2022-03-10 16:24:16,Metformin,,,,,,
1079,Notuv - Denk Pharma,2022-03-10 16:32:06,Metformin,,,,,,
1080,Notuv - Denk Pharma,2022-03-10 22:03:37,Metformin,,,,,,
1081,Notuv - Denk Pharma,2022-03-10 23:54:29,Metformin,,,,,,
1082,Notuv - Denk Pharma,2022-03-11 05:14:46,Metformin,,,,,,
1083,Notuv - Denk Pharma,2022-03-11 14:11:01,Metformin,,,,,,
1084,Notuv - Denk Pharma,2022-03-11 15:46:19,Metformin,,,,,,
1085,Notuv - Denk Pharma,2022-03-11 21:55:45,Metformin,,,,,,
1086,Notuv - Denk Pharma,2022-03-11 22:52:02,Metformin,,,,,,
1087,Notuv - Denk Pharma,2022-03-12 01:07:01,Metformin,,,,,,
1088,Notuv - Denk Pharma,2022-03-12 02:18:05,Metformin,,,,,,
1089,Notuv - Denk Pharma,2022-03-12 04:35:27,Metformin,,,,,,
1090,Notuv - Denk Pharma,2022-03-12 23:19:09,Metformin,,,,,,
1091,Notuv - Denk Pharma,2022-03-13 02:47:11,Metformin,,,,,,
1092,Notuv - Denk Pharma,2022-03-13 04:59:08,Metformin,,,,,,
1093,Notuv - Denk Pharma,2022-03-13 07:47:57,Metformin,,,,,,
1094,Notuv - Denk Pharma,2022-03-13 14:33:00,Metformin,,,,,,
1095,Notuv - Denk Pharma,2022-03-13 20:33:56,Metformin,,,,,,
1096,Notuv - Denk Pharma,2022-03-14 18:55:36,Metformin,,,,,,
1097,Notuv - Denk Pharma,2022-03-14 20:35:04,Metformin,,,,,,
1098,Notuv - Denk Pharma,2022-03-15 07:09:01,Metformin,,,,,,
1099,Notuv - Denk Pharma,2022-03-15 13:51:22,Metformin,,,,,,
1100,Notuv - Denk Pharma,2022-03-15 14:55:39,Metformin,,,,,,
1101,Notuv - Denk Pharma,2022-03-16 03:51:21,Metformin,,,,,,
1102,Notuv - Denk Pharma,2022-03-16 07:56:55,Metformin,,,,,,
1103,Notuv - Denk Pharma,2022-03-16 09:56:59,Metformin,,,,,,
1104,Notuv - Denk Pharma,2022-03-16 11:16:40,Metformin,,,,,,
1105,Notuv - Denk Pharma,2022-03-16 11:55:49,Metformin,,,,,,
1106,Notuv - Denk Pharma,2022-03-16 14:35:29,Metformin,,,,,,
1107,Notuv - Denk Pharma,2022-03-16 20:36:29,Metformin,,,,,,
1108,Notuv - Denk Pharma,2022-03-16 21:20:25,Metformin,,,,,,
1109,Notuv - Denk Pharma,2022-03-17 00:37:45,Metformin,,,,,,
1110,Notuv - Denk Pharma,2022-03-17 09:08:16,Metformin,,,,,,
1111,Notuv - Denk Pharma,2022-03-17 11:57:08,Metformin,,,,,,
1112,Notuv - Denk Pharma,2022-03-17 12:46:45,Metformin,,,,,,
1113,Notuv - Denk Pharma,2022-03-17 21:43:31,Metformin,,,,,,
1114,Notuv - Denk Pharma,2022-03-18 01:55:34,Metformin,,,,,,
1115,Notuv - Denk Pharma,2022-03-18 12:58:32,Metformin,,,,,,
1116,Notuv - Denk Pharma,2022-03-18 15:08:18,Metformin,,,,,,
1117,Notuv - Denk Pharma,2022-03-19 06:55:42,Metformin,,,,,,
1118,Notuv - Denk Pharma,2022-03-19 07:55:40,Metformin,,,,,,
1119,Notuv - Denk Pharma,2022-03-19 10:59:08,Metformin,,,,,,
1120,Notuv - Denk Pharma,2022-03-19 11:15:05,Metformin,,,,,,
1121,Notuv - Denk Pharma,2022-03-19 15:31:09,Metformin,,,,,,
1122,Notuv - Denk Pharma,2022-03-20 05:34:14,Metformin,,,,,,
1123,Notuv - Denk Pharma,2022-03-20 06:12:28,Metformin,,,,,,
1124,Notuv - Denk Pharma,2022-03-20 07:18:56,Metformin,,,,,,
1125,Notuv - Denk Pharma,2022-03-20 16:08:40,Metformin,,,,,,
1126,Notuv - Denk Pharma,2022-03-20 20:06:36,Metformin,,,,,,
1127,Notuv - Denk Pharma,2022-03-20 23:52:42,Metformin,,,,,,
1128,Notuv - Denk Pharma,2022-03-21 04:05:48,Metformin,,,,,,
1129,Notuv - Denk Pharma,2022-03-21 04:08:19,Metformin,,,,,,
1130,Notuv - Denk Pharma,2022-03-21 05:51:08,Metformin,,,,,,
1131,Notuv - Denk Pharma,2022-03-22 06:31:15,Metformin,,,,,,
1132,Notuv - Denk Pharma,2022-03-22 11:15:15,Metformin,,,,,,
1133,Notuv - Denk Pharma,2022-03-22 14:58:56,Metformin,,,,,,
1134,Notuv - Denk Pharma,2022-03-22 15:46:11,Metformin,,,,,,
1135,Notuv - Denk Pharma,2022-03-23 03:38:46,Metformin,,,,,,
1136,Notuv - Denk Pharma,2022-03-23 07:38:35,Metformin,,,,,,
1137,Notuv - Denk Pharma,2022-03-23 13:47:31,Metformin,,,,,,
1138,Notuv - Denk Pharma,2022-03-23 17:08:58,Metformin,,,,,,
1139,Notuv - Denk Pharma,2022-03-23 18:30:27,Metformin,,,,,,
1140,Notuv - Denk Pharma,2022-03-23 23:39:20,Metformin,,,,,,
1141,Notuv - Denk Pharma,2022-03-24 03:52:04,Metformin,,,,,,
1142,Notuv - Denk Pharma,2022-03-24 06:44:10,Metformin,,,,,,
1143,Notuv - Denk Pharma,2022-03-24 11:49:28,Metformin,,,,,,
1144,Notuv - Denk Pharma,2022-03-24 13:19:26,Metformin,,,,,,
1145,Notuv - Denk Pharma,2022-03-24 20:08:37,Metformin,,,,,,
1146,Notuv - Denk Pharma,2022-03-25 05:31:46,Metformin,,,,,,
1147,Notuv - Denk Pharma,2022-03-25 14:26:56,Metformin,,,,,,
1148,Notuv - Denk Pharma,2022-03-26 00:36:35,Metformin,,,,,,
1149,Notuv - Denk Pharma,2022-03-26 05:30:09,Metformin,,,,,,
1150,Notuv - Denk Pharma,2022-03-26 10:04:42,Metformin,,,,,,
1151,Notuv - Denk Pharma,2022-03-26 10:46:48,Metformin,,,,,,
1152,Notuv - Denk Pharma,2022-03-26 11:16:46,Metformin,,,,,,
1153,Notuv - Denk Pharma,2022-03-26 22:34:54,Metformin,,,,,,
1154,Notuv - Denk Pharma,2022-03-27 02:46:17,Metformin,,,,,,
1155,Notuv - Denk Pharma,2022-03-27 06:30:42,Metformin,,,,,,
1156,Notuv - Denk Pharma,2022-03-27 06:32:47,Metformin,,,,,,
1157,Notuv - Denk Pharma,2022-03-27 08:46:20,Metformin,,,,,,
1158,Notuv - Denk Pharma,2022-03-28 05:55:18,Metformin,,,,,,
1159,Notuv - Denk Pharma,2022-03-28 08:08:00,Metformin,,,,,,
1160,Notuv - Denk Pharma,2022-03-28 15:10:27,Metformin,,,,,,
1161,Notuv - Denk Pharma,2022-03-29 08:39:48,Metformin,,,,,,
1162,Notuv - Denk Pharma,2022-03-29 10:21:54,Metformin,,,,,,
1163,Notuv - Denk Pharma,2022-03-29 12:55:02,Metformin,,,,,,
1164,Notuv - Denk Pharma,2022-03-29 13:54:08,Metformin,,,,,,
1165,Notuv - Denk Pharma,2022-03-29 23:39:13,Metformin,,,,,,
1166,Notuv - Denk Pharma,2022-03-30 06:07:15,Metformin,,,,,,
1167,Notuv - Denk Pharma,2022-03-30 07:25:14,Metformin,,,,,,
1168,Notuv - Denk Pharma,2022-03-30 10:21:35,Metformin,,,,,,
1169,Notuv - Denk Pharma,2022-03-30 23:14:24,Metformin,,,,,,
1170,Notuv - Denk Pharma,2022-03-31 01:39:39,Metformin,,,,,,
1171,Notuv - Denk Pharma,2022-03-31 05:34:23,Metformin,,,,,,
1172,Notuv - Denk Pharma,2022-04-01 02:02:10,Metformin,,,,,,
1173,Notuv - Denk Pharma,2022-04-01 03:00:02,Metformin,,,,,,
1174,Notuv - Denk Pharma,2022-04-01 07:55:32,Metformin,,,,,,
1175,Notuv - Denk Pharma,2022-04-01 08:23:47,Metformin,,,,,,
1176,Notuv - Denk Pharma,2022-04-01 13:08:51,Metformin,,,,,,
1177,Notuv - Denk Pharma,2022-04-01 22:41:13,Metformin,,,,,,
1178,Notuv - Denk Pharma,2022-04-02 04:01:48,Metformin,,,,,,
1179,Notuv - Denk Pharma,2022-04-02 06:01:37,Metformin,,,,,,
1180,Notuv - Denk Pharma,2022-04-02 07:48:17,Metformin,,,,,,
1181,Notuv - Denk Pharma,2022-04-02 08:30:17,Metformin,,,,,,
1182,Notuv - Denk Pharma,2022-04-02 12:42:04,Metformin,,,,,,
1183,Notuv - Denk Pharma,2022-04-02 16:50:52,Metformin,,,,,,
1184,Notuv - Denk Pharma,2022-04-02 17:33:10,Metformin,,,,,,
1185,Notuv - Denk Pharma,2022-04-02 17:41:02,Metformin,,,,,,
1186,Notuv - Denk Pharma,2022-04-02 20:13:15,Metformin,,,,,,
1187,Notuv - Denk Pharma,2022-04-03 02:23:15,Metformin,,,,,,
1188,Notuv - Denk Pharma,2022-04-03 04:52:25,Metformin,,,,,,
1189,Notuv - Denk Pharma,2022-04-03 06:19:39,Metformin,,,,,,
1190,Notuv - Denk Pharma,2022-04-03 09:44:43,Metformin,,,,,,
1191,Notuv - Denk Pharma,2022-04-03 15:55:25,Metformin,,,,,,
1192,Notuv - Denk Pharma,2022-04-03 16:48:34,Metformin,,,,,,
1193,Notuv - Denk Pharma,2022-04-03 17:00:03,Metformin,,,,,,
1194,Notuv - Denk Pharma,2022-04-03 20:23:00,Metformin,,,,,,
1195,Notuv - Denk Pharma,2022-04-03 20:57:54,Metformin,,,,,,
1196,Notuv - Denk Pharma,2022-04-04 00:23:13,Metformin,,,,,,
1197,Notuv - Denk Pharma,2022-04-04 02:15:32,Metformin,,,,,,
1198,Notuv - Denk Pharma,2022-04-04 10:05:05,Metformin,,,,,,
1199,Notuv - Denk Pharma,2022-04-04 10:49:14,Metformin,,,,,,
1200,Notuv - Denk Pharma,2022-04-04 16:06:06,Metformin,,,,,,
1201,Notuv - Denk Pharma,2022-04-04 19:53:44,Metformin,,,,,,
1202,Notuv - Denk Pharma,2022-04-05 03:11:21,Metformin,,,,,,
1203,Notuv - Denk Pharma,2022-04-05 03:18:16,Metformin,,,,,,
1204,Notuv - Denk Pharma,2022-04-05 09:14:15,Metformin,,,,,,
1205,Notuv - Denk Pharma,2022-04-05 13:49:27,Metformin,,,,,,
1206,Notuv - Denk Pharma,2022-04-05 18:11:18,Metformin,,,,,,
1207,Notuv - Denk Pharma,2022-04-05 22:46:50,Metformin,,,,,,
1208,Notuv - Denk Pharma,2022-04-06 09:09:21,Metformin,,,,,,
1209,Notuv - Denk Pharma,2022-04-06 11:09:17,Metformin,,,,,,
1210,Notuv - Denk Pharma,2022-04-06 19:17:44,Metformin,,,,,,
1211,Notuv - Denk Pharma,2022-04-06 20:15:06,Metformin,,,,,,
1212,Notuv - Denk Pharma,2022-04-07 00:12:52,Metformin,,,,,,
1213,Notuv - Denk Pharma,2022-04-07 01:46:55,Metformin,,,,,,
1214,Notuv - Denk Pharma,2022-04-07 02:59:03,Metformin,,,,,,
1215,Notuv - Denk Pharma,2022-04-07 12:56:09,Metformin,,,,,,
1216,Notuv - Denk Pharma,2022-04-07 18:42:39,Metformin,,,,,,
1217,Notuv - Denk Pharma,2022-04-07 23:12:21,Metformin,,,,,,
1218,Notuv - Denk Pharma,2022-04-08 22:20:28,Metformin,,,,,,
1219,Notuv - Denk Pharma,2022-04-08 22:36:51,Metformin,,,,,,
1220,Notuv - Denk Pharma,2022-04-09 01:13:58,Metformin,,,,,,
1221,Notuv - Denk Pharma,2022-04-09 09:34:34,Metformin,,,,,,
1222,Notuv - Denk Pharma,2022-04-09 09:40:01,Metformin,,,,,,
1223,Notuv - Denk Pharma,2022-04-09 10:06:16,Metformin,,,,,,
1224,Notuv - Denk Pharma,2022-04-09 11:57:30,Metformin,,,,,,
1225,Notuv - Denk Pharma,2022-04-10 04:38:53,Metformin,,,,,,
1226,Notuv - Denk Pharma,2022-04-10 17:12:19,Metformin,,,,,,
1227,Notuv - Denk Pharma,2022-04-10 23:11:23,Metformin,,,,,,
1228,Notuv - Denk Pharma,2022-04-11 12:49:00,Metformin,,,,,,
1229,Notuv - Denk Pharma,2022-04-11 17:24:52,Metformin,,,,,,
1230,Notuv - Denk Pharma,2022-04-11 20:42:54,Metformin,,,,,,
1231,Notuv - Denk Pharma,2022-04-11 23:40:21,Metformin,,,,,,
1232,Notuv - Denk Pharma,2022-04-12 00:26:50,Metformin,,,,,,
1233,Notuv - Denk Pharma,2022-04-12 07:50:48,Metformin,,,,,,
1234,Notuv - Denk Pharma,2022-04-12 23:15:07,Metformin,,,,,,
1235,Notuv - Denk Pharma,2022-04-13 01:58:59,Metformin,,,,,,
1236,Notuv - Denk Pharma,2022-04-13 03:44:08,Metformin,,,,,,
1237,Notuv - Denk Pharma,2022-04-13 06:23:28,Metformin,,,,,,
1238,Notuv - Denk Pharma,2022-04-13 14:43:12,Metformin,,,,,,
1239,Notuv - Denk Pharma,2022-04-13 17:37:30,Metformin,,,,,,
1240,Notuv - Denk Pharma,2022-04-14 02:54:10,Metformin,,,,,,
1241,Notuv - Denk Pharma,2022-04-14 07:58:14,Metformin,,,,,,
1242,Notuv - Denk Pharma,2022-04-14 14:34:09,Metformin,,,,,,
1243,Notuv - Denk Pharma,2022-04-15 06:24:43,Metformin,,,,,,
1244,Notuv - Denk Pharma,2022-04-15 09:47:23,Metformin,,,,,,
1245,Notuv - Denk Pharma,2022-04-15 18:16:06,Metformin,,,,,,
1246,Notuv - Denk Pharma,2022-04-16 00:07:07,Metformin,,,,,,
1247,Notuv - Denk Pharma,2022-04-16 00:25:34,Metformin,,,,,,
1248,Notuv - Denk Pharma,2022-04-16 03:06:56,Metformin,,,,,,
1249,Notuv - Denk Pharma,2022-04-16 08:10:24,Metformin,,,,,,
1250,Notuv - Denk Pharma,2022-04-16 22:48:17,Metformin,,,,,,
1251,Notuv - Denk Pharma,2022-04-16 23:05:53,Metformin,,,,,,
1252,Notuv - Denk Pharma,2022-04-17 01:05:25,Metformin,,,,,,
1253,Notuv - Denk Pharma,2022-04-17 06:00:08,Metformin,,,,,,
1254,Notuv - Denk Pharma,2022-04-17 11:00:42,Metformin,,,,,,
1255,Notuv - Denk Pharma,2022-04-17 11:28:13,Metformin,,,,,,
1256,Notuv - Denk Pharma,2022-04-18 06:02:51,Metformin,,,,,,
1257,Notuv - Denk Pharma,2022-04-18 10:24:09,Metformin,,,,,,
1258,Notuv - Denk Pharma,2022-04-18 15:22:38,Metformin,,,,,,
1259,Notuv - Denk Pharma,2022-04-18 18:54:11,Metformin,,,,,,
1260,Notuv - Denk Pharma,2022-04-18 19:21:33,Metformin,,,,,,
1261,Notuv - Denk Pharma,2022-04-19 07:33:14,Metformin,,,,,,
1262,Notuv - Denk Pharma,2022-04-19 18:32:26,Metformin,,,,,,
1263,Notuv - Denk Pharma,2022-04-20 02:01:54,Metformin,,,,,,
1264,Notuv - Denk Pharma,2022-04-20 21:56:31,Metformin,,,,,,
1265,Notuv - Denk Pharma,2022-04-21 01:06:01,Metformin,,,,,,
1266,Notuv - Denk Pharma,2022-04-21 13:09:24,Metformin,,,,,,
1267,Notuv - Denk Pharma,2022-04-21 20:31:48,Metformin,,,,,,
1268,Notuv - Denk Pharma,2022-04-22 12:24:55,Metformin,,,,,,
1269,Notuv - Denk Pharma,2022-04-22 12:29:45,Metformin,,,,,,
1270,Notuv - Denk Pharma,2022-04-22 16:37:15,Metformin,,,,,,
1271,Notuv - Denk Pharma,2022-04-22 16:53:43,Metformin,,,,,,
1272,Notuv - Denk Pharma,2022-04-22 21:00:39,Metformin,,,,,,
1273,Notuv - Denk Pharma,2022-04-23 05:20:19,Metformin,,,,,,
1274,Notuv - Denk Pharma,2022-04-23 08:36:32,Metformin,,,,,,
1275,Notuv - Denk Pharma,2022-04-23 11:20:51,Metformin,,,,,,
1276,Notuv - Denk Pharma,2022-04-23 14:26:23,Metformin,,,,,,
1277,Notuv - Denk Pharma,2022-04-24 01:55:16,Metformin,,,,,,
1278,Notuv - Denk Pharma,2022-04-25 08:48:00,Metformin,,,,,,
1279,Notuv - Denk Pharma,2022-04-25 15:00:52,Metformin,,,,,,
1280,Notuv - Denk Pharma,2022-04-25 16:50:15,Metformin,,,,,,
1281,Notuv - Denk Pharma,2022-04-25 18:10:14,Metformin,,,,,,
1282,Notuv - Denk Pharma,2022-04-26 03:42:17,Metformin,,,,,,
1283,Notuv - Denk Pharma,2022-04-26 10:38:27,Metformin,,,,,,
1284,Notuv - Denk Pharma,2022-04-26 16:34:01,Metformin,,,,,,
1285,Notuv - Denk Pharma,2022-04-26 18:52:48,Metformin,,,,,,
1286,Notuv - Denk Pharma,2022-04-26 23:31:34,Metformin,,,,,,
1287,Notuv - Denk Pharma,2022-04-27 01:02:00,Metformin,,,,,,
1288,Notuv - Denk Pharma,2022-04-27 12:32:28,Metformin,,,,,,
1289,Notuv - Denk Pharma,2022-04-27 17:40:41,Metformin,,,,,,
1290,Notuv - Denk Pharma,2022-04-27 20:32:52,Metformin,,,,,,
1291,Notuv - Denk Pharma,2022-04-27 22:29:59,Metformin,,,,,,
1292,Notuv - Denk Pharma,2022-04-28 18:53:40,Metformin,,,,,,
1293,Notuv - Denk Pharma,2022-04-28 19:31:29,Metformin,,,,,,
1294,Notuv - Denk Pharma,2022-04-29 06:06:58,Metformin,,,,,,
1295,Notuv - Denk Pharma,2022-04-29 10:15:43,Metformin,,,,,,
1296,Notuv - Denk Pharma,2022-04-29 10:45:28,Metformin,,,,,,
1297,Notuv - Denk Pharma,2022-04-29 11:34:52,Metformin,,,,,,
1298,Notuv - Denk Pharma,2022-04-29 21:06:59,Metformin,,,,,,
1299,Notuv - Denk Pharma,2022-04-30 08:44:45,Metformin,,,,,,
1300,Notuv - Denk Pharma,2022-04-30 15:18:17,Metformin,,,,,,
1301,Notuv - Denk Pharma,2022-05-01 03:24:33,Metformin,,,,,,
1302,Notuv - Denk Pharma,2022-05-01 05:03:21,Metformin,,,,,,
1303,Notuv - Denk Pharma,2022-05-01 20:13:52,Metformin,,,,,,
1304,Notuv - Denk Pharma,2022-05-01 21:20:04,Metformin,,,,,,
1305,Notuv - Denk Pharma,2022-05-02 02:11:53,Metformin,,,,,,
1306,Notuv - Denk Pharma,2022-05-02 06:27:26,Metformin,,,,,,
1307,Notuv - Denk Pharma,2022-05-02 10:15:43,Metformin,,,,,,
1308,Notuv - Denk Pharma,2022-05-02 11:00:26,Metformin,,,,,,
1309,Notuv - Denk Pharma,2022-05-02 12:42:12,Metformin,,,,,,
1310,Notuv - Denk Pharma,2022-05-03 00:46:13,Metformin,,,,,,
1311,Notuv - Denk Pharma,2022-05-03 00:51:18,Metformin,,,,,,
1312,Notuv - Denk Pharma,2022-05-03 01:14:38,Metformin,,,,,,
1313,Notuv - Denk Pharma,2022-05-03 04:33:37,Metformin,,,,,,
1314,Notuv - Denk Pharma,2022-05-03 05:42:22,Metformin,,,,,,
1315,Notuv - Denk Pharma,2022-05-03 08:03:26,Metformin,,,,,,
1316,Notuv - Denk Pharma,2022-05-03 13:08:56,Metformin,,,,,,
1317,Notuv - Denk Pharma,2022-05-03 15:42:55,Metformin,,,,,,
1318,Notuv - Denk Pharma,2022-05-04 14:24:21,Metformin,,,,,,
1319,Notuv - Denk Pharma,2022-05-04 22:44:34,Metformin,,,,,,
1320,Notuv - Denk Pharma,2022-05-04 23:40:52,Metformin,,,,,,
1321,Notuv - Denk Pharma,2022-05-05 00:26:51,Metformin,,,,,,
1322,Notuv - Denk Pharma,2022-05-05 01:34:11,Metformin,,,,,,
1323,Notuv - Denk Pharma,2022-05-05 03:39:28,Metformin,,,,,,
1324,Notuv - Denk Pharma,2022-05-05 04:55:18,Metformin,,,,,,
1325,Notuv - Denk Pharma,2022-05-05 05:10:55,Metformin,,,,,,
1326,Notuv - Denk Pharma,2022-05-05 06:10:58,Metformin,,,,,,
1327,Notuv - Denk Pharma,2022-05-05 07:33:45,Metformin,,,,,,
1328,Notuv - Denk Pharma,2022-05-05 08:41:25,Metformin,,,,,,
1329,Notuv - Denk Pharma,2022-05-05 09:48:21,Metformin,,,,,,
1330,Notuv - Denk Pharma,2022-05-05 10:13:12,Metformin,,,,,,
1331,Notuv - Denk Pharma,2022-05-05 10:52:39,Metformin,,,,,,
1332,Notuv - Denk Pharma,2022-05-05 11:50:16,Metformin,,,,,,
1333,Notuv - Denk Pharma,2022-05-05 23:39:49,Metformin,,,,,,
1334,Notuv - Denk Pharma,2022-05-06 15:59:29,Metformin,,,,,,
1335,Notuv - Denk Pharma,2022-05-07 00:03:15,Metformin,,,,,,
1336,Notuv - Denk Pharma,2022-05-07 03:05:56,Metformin,,,,,,
1337,Notuv - Denk Pharma,2022-05-07 10:06:34,Metformin,,,,,,
1338,Notuv - Denk Pharma,2022-05-07 18:38:56,Metformin,,,,,,
1339,Notuv - Denk Pharma,2022-05-08 10:28:46,Metformin,,,,,,
1340,Notuv - Denk Pharma,2022-05-08 22:05:16,Metformin,,,,,,
1341,Notuv - Denk Pharma,2022-05-08 22:30:56,Metformin,,,,,,
1342,Notuv - Denk Pharma,2022-05-09 04:00:41,Metformin,,,,,,
1343,Notuv - Denk Pharma,2022-05-09 11:42:56,Metformin,,,,,,
1344,Notuv - Denk Pharma,2022-05-09 15:59:29,Metformin,,,,,,
1345,Notuv - Denk Pharma,2022-05-09 17:05:10,Metformin,,,,,,
1346,Notuv - Denk Pharma,2022-05-10 14:46:25,Metformin,,,,,,
1347,Notuv - Denk Pharma,2022-05-10 21:08:15,Metformin,,,,,,
1348,Notuv - Denk Pharma,2022-05-11 07:06:45,Metformin,,,,,,
1349,Notuv - Denk Pharma,2022-05-11 07:36:15,Metformin,,,,,,
1350,Notuv - Denk Pharma,2022-05-11 08:22:10,Metformin,,,,,,
1351,Notuv - Denk Pharma,2022-05-11 11:22:03,Metformin,,,,,,
1352,Notuv - Denk Pharma,2022-05-11 15:18:46,Metformin,,,,,,
1353,Notuv - Denk Pharma,2022-05-11 22:09:55,Metformin,,,,,,
1354,Notuv - Denk Pharma,2022-05-11 22:44:28,Metformin,,,,,,
1355,Notuv - Denk Pharma,2022-05-11 23:36:44,Metformin,,,,,,
1356,Notuv - Denk Pharma,2022-05-12 01:48:15,Metformin,,,,,,
1357,Notuv - Denk Pharma,2022-05-12 23:47:08,Metformin,,,,,,
1358,Notuv - Denk Pharma,2022-05-13 04:02:05,Metformin,,,,,,
1359,Notuv - Denk Pharma,2022-05-13 09:20:39,Metformin,,,,,,
1360,Notuv - Denk Pharma,2022-05-13 09:25:04,Metformin,,,,,,
1361,Notuv - Denk Pharma,2022-05-13 15:50:12,Metformin,,,,,,
1362,Notuv - Denk Pharma,2022-05-13 16:21:53,Metformin,,,,,,
1363,Notuv - Denk Pharma,2022-05-14 06:07:46,Metformin,,,,,,
1364,Notuv - Denk Pharma,2022-05-14 16:04:25,Metformin,,,,,,
1365,Notuv - Denk Pharma,2022-05-15 02:06:53,Metformin,,,,,,
1366,Notuv - Denk Pharma,2022-05-15 03:19:33,Metformin,,,,,,
1367,Notuv - Denk Pharma,2022-05-15 04:57:46,Metformin,,,,,,
1368,Notuv - Denk Pharma,2022-05-15 15:32:48,Metformin,,,,,,
1369,Notuv - Denk Pharma,2022-05-15 15:46:24,Metformin,,,,,,
1370,Notuv - Denk Pharma,2022-05-17 01:54:39,Metformin,,,,,,
1371,Notuv - Denk Pharma,2022-05-17 06:08:15,Metformin,,,,,,
1372,Notuv - Denk Pharma,2022-05-17 12:34:47,Metformin,,,,,,
1373,Notuv - Denk Pharma,2022-05-17 18:04:29,Metformin,,,,,,
1374,Notuv - Denk Pharma,2022-05-18 02:20:15,Metformin,,,,,,
1375,Notuv - Denk Pharma,2022-05-18 02:46:13,Metformin,,,,,,
1376,Notuv - Denk Pharma,2022-05-18 03:49:29,Metformin,,,,,,
1377,Notuv - Denk Pharma,2022-05-18 04:19:20,Metformin,,,,,,
1378,Notuv - Denk Pharma,2022-05-18 11:08:56,Metformin,,,,,,
1379,Notuv - Denk Pharma,2022-05-18 11:49:56,Metformin,,,,,,
1380,Notuv - Denk Pharma,2022-05-19 06:01:08,Metformin,,,,,,
1381,Notuv - Denk Pharma,2022-05-19 06:07:12,Metformin,,,,,,
1382,Notuv - Denk Pharma,2022-05-19 16:49:40,Metformin,,,,,,
1383,Notuv - Denk Pharma,2022-05-19 18:33:24,Metformin,,,,,,
1384,Notuv - Denk Pharma,2022-05-19 19:06:46,Metformin,,,,,,
1385,Notuv - Denk Pharma,2022-05-20 10:35:25,Metformin,,,,,,
1386,Notuv - Denk Pharma,2022-05-20 10:43:37,Metformin,,,,,,
1387,Notuv - Denk Pharma,2022-05-20 10:59:03,Metformin,,,,,,
1388,Notuv - Denk Pharma,2022-05-21 02:16:28,Metformin,,,,,,
1389,Notuv - Denk Pharma,2022-05-21 05:33:54,Metformin,,,,,,
1390,Notuv - Denk Pharma,2022-05-21 06:40:53,Metformin,,,,,,
1391,Notuv - Denk Pharma,2022-05-21 23:24:20,Metformin,,,,,,
1392,Notuv - Denk Pharma,2022-05-22 03:35:45,Metformin,,,,,,
1393,Notuv - Denk Pharma,2022-05-22 06:46:40,Metformin,,,,,,
1394,Notuv - Denk Pharma,2022-05-22 07:18:51,Metformin,,,,,,
1395,Notuv - Denk Pharma,2022-05-22 20:22:40,Metformin,,,,,,
1396,Notuv - Denk Pharma,2022-05-23 06:27:01,Metformin,,,,,,
1397,Notuv - Denk Pharma,2022-05-23 08:43:09,Metformin,,,,,,
1398,Notuv - Denk Pharma,2022-05-23 18:09:45,Metformin,,,,,,
1399,Notuv - Denk Pharma,2022-05-23 20:55:04,Metformin,,,,,,
1400,Notuv - Denk Pharma,2022-05-23 22:51:54,Metformin,,,,,,
1401,Notuv - Denk Pharma,2022-05-24 00:43:12,Metformin,,,,,,
1402,Notuv - Denk Pharma,2022-05-24 05:20:42,Metformin,,,,,,
1403,Notuv - Denk Pharma,2022-05-24 10:04:19,Metformin,,,,,,
1404,Notuv - Denk Pharma,2022-05-24 14:39:28,Metformin,,,,,,
1405,Notuv - Denk Pharma,2022-05-24 22:15:43,Metformin,,,,,,
1406,Notuv - Denk Pharma,2022-05-24 23:14:45,Metformin,,,,,,
1407,Notuv - Denk Pharma,2022-05-25 19:16:11,Metformin,,,,,,
1408,Notuv - Denk Pharma,2022-05-26 07:43:56,Metformin,,,,,,
1409,Notuv - Denk Pharma,2022-05-26 10:17:07,Metformin,,,,,,
1410,Notuv - Denk Pharma,2022-05-26 16:47:57,Metformin,,,,,,
1411,Notuv - Denk Pharma,2022-05-27 08:27:19,Metformin,,,,,,
1412,Notuv - Denk Pharma,2022-05-27 11:09:03,Metformin,,,,,,
1413,Notuv - Denk Pharma,2022-05-27 20:54:16,Metformin,,,,,,
1414,Notuv - Denk Pharma,2022-05-28 04:07:23,Metformin,,,,,,
1415,Notuv - Denk Pharma,2022-05-28 07:40:31,Metformin,,,,,,
1416,Notuv - Denk Pharma,2022-05-28 22:58:12,Metformin,,,,,,
1417,Notuv - Denk Pharma,2022-05-29 00:08:07,Metformin,,,,,,
1418,Notuv - Denk Pharma,2022-05-29 04:32:26,Metformin,,,,,,
1419,Notuv - Denk Pharma,2022-05-29 10:54:19,Metformin,,,,,,
1420,Notuv - Denk Pharma,2022-05-29 16:50:07,Metformin,,,,,,
1421,Notuv - Denk Pharma,2022-05-30 03:55:32,Metformin,,,,,,
1422,Notuv - Denk Pharma,2022-05-30 06:18:15,Metformin,,,,,,
1423,Notuv - Denk Pharma,2022-05-30 15:14:19,Metformin,,,,,,
1424,Notuv - Denk Pharma,2022-05-30 18:19:04,Metformin,,,,,,
1425,Notuv - Denk Pharma,2022-05-30 19:25:29,Metformin,,,,,,
1426,Notuv - Denk Pharma,2022-05-31 04:34:10,Metformin,,,,,,
1427,Notuv - Denk Pharma,2022-05-31 14:35:06,Metformin,,,,,,
1428,Notuv - Denk Pharma,2022-05-31 15:17:07,Metformin,,,,,,
1429,Notuv - Denk Pharma,2022-05-31 19:44:25,Metformin,,,,,,
1430,Notuv - Denk Pharma,2022-06-01 02:17:19,Metformin,,,,,,
1431,Notuv - Denk Pharma,2022-06-01 11:45:10,Metformin,,,,,,
1432,Notuv - Denk Pharma,2022-06-01 13:54:50,Metformin,,,,,,
1433,Notuv - Denk Pharma,2022-06-01 14:44:49,Metformin,,,,,,
1434,Notuv - Denk Pharma,2022-06-01 20:30:14,Metformin,,,,,,
1435,Notuv - Denk Pharma,2022-06-01 20:34:11,Metformin,,,,,,
1436,Notuv - Denk Pharma,2022-06-02 09:25:24,Metformin,,,,,,
1437,Notuv - Denk Pharma,2022-06-02 09:31:59,Metformin,,,,,,
1438,Notuv - Denk Pharma,2022-06-02 10:08:39,Metformin,,,,,,
1439,Notuv - Denk Pharma,2022-06-02 15:34:19,Metformin,,,,,,
1440,Notuv - Denk Pharma,2022-06-02 18:01:47,Metformin,,,,,,
1441,Notuv - Denk Pharma,2022-06-03 18:44:59,Metformin,,,,,,
1442,Notuv - Denk Pharma,2022-06-04 00:05:47,Metformin,,,,,,
1443,Notuv - Denk Pharma,2022-06-04 07:52:36,Metformin,,,,,,
1444,Notuv - Denk Pharma,2022-06-05 04:26:21,Metformin,,,,,,
1445,Notuv - Denk Pharma,2022-06-05 12:42:58,Metformin,,,,,,
1446,Notuv - Denk Pharma,2022-06-05 23:04:19,Metformin,,,,,,
1447,Notuv - Denk Pharma,2022-06-06 07:48:55,Metformin,,,,,,
1448,Notuv - Denk Pharma,2022-06-06 14:12:47,Metformin,,,,,,
1449,Notuv - Denk Pharma,2022-06-06 14:43:58,Metformin,,,,,,
1450,Notuv - Denk Pharma,2022-06-06 21:50:52,Metformin,,,,,,
1451,Notuv - Denk Pharma,2022-06-06 22:49:14,Metformin,,,,,,
1452,Notuv - Denk Pharma,2022-06-07 00:21:58,Metformin,,,,,,
1453,Notuv - Denk Pharma,2022-06-07 01:59:56,Metformin,,,,,,
1454,Notuv - Denk Pharma,2022-06-07 07:22:02,Metformin,,,,,,
1455,Notuv - Denk Pharma,2022-06-07 12:18:37,Metformin,,,,,,
1456,Notuv - Denk Pharma,2022-06-07 13:10:19,Metformin,,,,,,
1457,Notuv - Denk Pharma,2022-06-07 17:07:20,Metformin,,,,,,
1458,Notuv - Denk Pharma,2022-06-07 23:20:42,Metformin,,,,,,
1459,Notuv - Denk Pharma,2022-06-08 00:33:48,Metformin,,,,,,
1460,Notuv - Denk Pharma,2022-06-08 03:17:35,Metformin,,,,,,
1461,Notuv - Denk Pharma,2022-06-08 14:26:31,Metformin,,,,,,
1462,Notuv - Denk Pharma,2022-06-08 14:43:10,Metformin,,,,,,
1463,Notuv - Denk Pharma,2022-06-09 16:08:15,Metformin,,,,,,
1464,Notuv - Denk Pharma,2022-06-09 16:55:04,Metformin,,,,,,
1465,Notuv - Denk Pharma,2022-06-09 16:55:20,Metformin,,,,,,
1466,Notuv - Denk Pharma,2022-06-09 18:40:20,Metformin,,,,,,
1467,Notuv - Denk Pharma,2022-06-10 16:31:12,Metformin,,,,,,
1468,Notuv - Denk Pharma,2022-06-10 17:11:14,Metformin,,,,,,
1469,Notuv - Denk Pharma,2022-06-10 23:06:03,Metformin,,,,,,
1470,Notuv - Denk Pharma,2022-06-11 02:37:51,Metformin,,,,,,
1471,Notuv - Denk Pharma,2022-06-11 04:25:09,Metformin,,,,,,
1472,Notuv - Denk Pharma,2022-06-11 16:34:08,Metformin,,,,,,
1473,Notuv - Denk Pharma,2022-06-11 19:23:25,Metformin,,,,,,
1474,Notuv - Denk Pharma,2022-06-12 05:15:36,Metformin,,,,,,
1475,Notuv - Denk Pharma,2022-06-12 09:39:40,Metformin,,,,,,
1476,Notuv - Denk Pharma,2022-06-13 04:47:02,Metformin,,,,,,
1477,Notuv - Denk Pharma,2022-06-13 19:12:48,Metformin,,,,,,
1478,Notuv - Denk Pharma,2022-06-14 07:58:46,Metformin,,,,,,
1479,Notuv - Denk Pharma,2022-06-14 08:02:32,Metformin,,,,,,
1480,Notuv - Denk Pharma,2022-06-14 15:12:14,Metformin,,,,,,
1481,Notuv - Denk Pharma,2022-06-15 02:23:02,Metformin,,,,,,
1482,Notuv - Denk Pharma,2022-06-15 03:33:26,Metformin,,,,,,
1483,Notuv - Denk Pharma,2022-06-15 22:08:11,Metformin,,,,,,
1484,Notuv - Denk Pharma,2022-06-16 01:09:30,Metformin,,,,,,
1485,Notuv - Denk Pharma,2022-06-16 02:52:00,Metformin,,,,,,
1486,Notuv - Denk Pharma,2022-06-16 12:46:09,Metformin,,,,,,
1487,Notuv - Denk Pharma,2022-06-16 13:12:52,Metformin,,,,,,
1488,Notuv - Denk Pharma,2022-06-16 16:29:58,Metformin,,,,,,
1489,Notuv - Denk Pharma,2022-06-17 05:31:05,Metformin,,,,,,
1490,Notuv - Denk Pharma,2022-06-17 06:23:30,Metformin,,,,,,
1491,Notuv - Denk Pharma,2022-06-17 08:31:14,Metformin,,,,,,
1492,Notuv - Denk Pharma,2022-06-17 15:06:43,Metformin,,,,,,
1493,Notuv - Denk Pharma,2022-06-17 21:31:03,Metformin,,,,,,
1494,Notuv - Denk Pharma,2022-06-19 17:55:49,Metformin,,,,,,
1495,Notuv - Denk Pharma,2022-06-20 02:55:07,Metformin,,,,,,
1496,Notuv - Denk Pharma,2022-06-20 13:53:54,Metformin,,,,,,
1497,Notuv - Denk Pharma,2022-06-21 05:01:06,Metformin,,,,,,
1498,Notuv - Denk Pharma,2022-06-21 08:14:13,Metformin,,,,,,
1499,Notuv - Denk Pharma,2022-06-21 11:00:37,Metformin,,,,,,
